{"CACHE_SYNC_FILE_HASH":{"D:\\harmonyOs\\project\\heima_cloud_music\\hvigorfile.ts":"fd45b6ae95a540ba74fde89c2e529c1cf9c77d8b3d69d5dd2407e852ea33765c","D:\\harmonyOs\\project\\heima_cloud_music\\oh-package.json5":"57fc38a52d80d10bc2dc10f29dfa455170648a4bdd9418a994f2d35e1945cd77","D:\\harmonyOs\\project\\heima_cloud_music\\entry\\build-profile.json5":"fe41eed4c7bcfe99ce54bcce03a7f1eb95ff2ded6bdc8b8673522dc0758f2eaa","D:\\harmonyOs\\project\\heima_cloud_music\\build-profile.json5":"16fde093324284caf38a51f0211e2a19956cec39e3242de44af6e38ea57feaa6","D:\\harmonyOs\\project\\heima_cloud_music\\.hvigor\\outputs\\sync\\output.json":"643d27ac57fdfdf856387836bf35c1dbb6b6d67b2b5cd922a7495b72226f075f","D:\\harmonyOs\\project\\heima_cloud_music\\entry\\oh-package.json5":"751e95ed71e174bb544504a9bcb1d6ffe721f57aedd89e28f080626c1a2373f1","D:\\harmonyOs\\project\\heima_cloud_music\\entry\\hvigorfile.ts":"ef87976ec8944afe4b224950ed2ef5fb748d5615221991751a5d93482694d9fc","SDK_LOCATION":"D:/harmonyOs/DevEco Studio/sdk","D:\\harmonyOs\\project\\heima_cloud_music\\hvigor\\hvigor-config.json5":"2f82c3c9f13bdb625047ee646352eda0aa4a4b29c3573b92c281b41c8627b550"},"OHPM_INSTALL_FILE_HASH":{"D:\\harmonyOs\\project\\heima_cloud_music\\oh-package.json5":"57fc38a52d80d10bc2dc10f29dfa455170648a4bdd9418a994f2d35e1945cd77","D:\\harmonyOs\\project\\heima_cloud_music\\entry\\oh_modules":false,"D:\\harmonyOs\\project\\heima_cloud_music\\entry\\oh-package.json5":"751e95ed71e174bb544504a9bcb1d6ffe721f57aedd89e28f080626c1a2373f1","D:\\harmonyOs\\project\\heima_cloud_music\\oh_modules":true}}