{
  "HVIGOR_OHOS_PLUGIN": {
    "MODULES": [
      {
        "MODULE_NAME": "1043bfc77febe75fafec0c4309faccf1",
        "API_TYPE": "stageMode"
      }
    ],
    "BUILD_MODE": "debug"
  },
  "HVIGOR": {
    "IS_INCREMENTAL": true,
    "IS_DAEMON": true,
    "IS_PARALLEL": true,
    "IS_HVIGORFILE_TYPE_CHECK": false,
    "TASK_TIME": {
      "1043bfc77febe75fafec0c4309faccf1": {
        "ConfigureCmake": 157700,
        "PreCheckSyscap": 254000,
        "GeneratePkgContextInfo": 466000,
        "ProcessIntegratedHsp": 1834400,
        "BuildNativeWithCmake": 195300,
        "SyscapTransform": 1781900,
        "BuildNativeWithNinja": 655300,
        "BuildJS": 2030000,
        "SignHap": 1496600,
        "assembleHap": 215000
      }
    },
    "TOTAL_TIME": 293269200,
    "BUILD_ID": "202501202228226230"
  }
}