{
  "string": [
    {
      "name": "module_desc",
      "value": "module description"
    },
    {
      "name": "EntryAbility_desc",
      "value": "description"
    },
    {
      "name": "EntryAbility_label",
      "value": "label"
    },
    {
      "name": "EntryFormAbility_desc",
      "value": "form_description"
    },
    {
      "name": "EntryFormAbility_label",
      "value": "form_label"
    },
    {
      "name": "App_name",
      "value": "黑马云音乐"
    },
    {
      "name": "MICROPHONE_REASON",
      "value": "用于录音"
    },
    {
      "name": "widget_desc",
      "value": "This is a service widget."
    },
    {
      "name": "widget_display_name",
      "value": "widget"
    }
  ]
}