{"D:\\harmonyOs\\project\\heima_cloud_music\\AppScope\\app.json5":{"hashValue":"34aa642315a099409f5d3414c063a68c","name":"app.json5","path":"D:\\harmonyOs\\project\\heima_cloud_music\\AppScope\\app.json5","type":"file","isSymbolicLink":false,"fileMetaData":{"size":218,"lastModifiedTime":1732721549653}},"D:\\harmonyOs\\project\\heima_cloud_music\\entry\\src\\main\\module.json5":{"hashValue":"d504e5b2830f4c9fdce0c71fcfe1530c","name":"module.json5","path":"D:\\harmonyOs\\project\\heima_cloud_music\\entry\\src\\main\\module.json5","type":"file","isSymbolicLink":false,"fileMetaData":{"size":1845,"lastModifiedTime":1732721549763}},"D:\\harmonyOs\\project\\heima_cloud_music\\entry\\src\\main\\resources\\base\\profile\\form_config.json":{"hashValue":"2836d9f476773fcccd75d3fda6c8a850","name":"form_config.json","path":"D:\\harmonyOs\\project\\heima_cloud_music\\entry\\src\\main\\resources\\base\\profile\\form_config.json","type":"file","isSymbolicLink":false,"fileMetaData":{"size":596,"lastModifiedTime":1732721549776}},"D:\\harmonyOs\\project\\heima_cloud_music\\build-profile.json5":{"hashValue":"95fb36702365f31355a800877682ee10","name":"build-profile.json5","path":"D:\\harmonyOs\\project\\heima_cloud_music\\build-profile.json5","type":"file","isSymbolicLink":false,"fileMetaData":{"size":603,"lastModifiedTime":1732721675046}},"D:\\harmonyOs\\project\\heima_cloud_music\\entry\\build-profile.json5":{"hashValue":"abef54c075336c5073ef7ab2384cc195","name":"build-profile.json5","path":"D:\\harmonyOs\\project\\heima_cloud_music\\entry\\build-profile.json5","type":"file","isSymbolicLink":false,"fileMetaData":{"size":448,"lastModifiedTime":1732721549754}},"D:\\harmonyOs\\project\\heima_cloud_music\\entry\\src\\main\\resources\\base\\profile\\main_pages.json":{"hashValue":"9a5cfb683c4f4a5afc325b4b82012227","name":"main_pages.json","path":"D:\\harmonyOs\\project\\heima_cloud_music\\entry\\src\\main\\resources\\base\\profile\\main_pages.json","type":"file","isSymbolicLink":false,"fileMetaData":{"size":238,"lastModifiedTime":1732721549777}},"D:\\harmonyOs\\project\\heima_cloud_music\\hvigor\\hvigor-config.json5":{"hashValue":"eed5f66e59e7a9387fb20f0f9eb37f8b","name":"hvigor-config.json5","path":"D:\\harmonyOs\\project\\heima_cloud_music\\hvigor\\hvigor-config.json5","type":"file","isSymbolicLink":false,"fileMetaData":{"size":1191,"lastModifiedTime":1732721549802}},"D:\\harmonyOs\\project\\heima_cloud_music\\entry\\src\\mock\\mock-config.json5":{"hashValue":"89ed204b7f158d42b492f15615745df8","name":"mock-config.json5","path":"D:\\harmonyOs\\project\\heima_cloud_music\\entry\\src\\mock\\mock-config.json5","type":"file","isSymbolicLink":false,"fileMetaData":{"size":4,"lastModifiedTime":1732721549799}},"D:\\harmonyOs\\project\\heima_cloud_music\\entry\\oh-package.json5":{"hashValue":"114d6d0e1f06643dca9682399bb90877","name":"oh-package.json5","path":"D:\\harmonyOs\\project\\heima_cloud_music\\entry\\oh-package.json5","type":"file","isSymbolicLink":false,"fileMetaData":{"size":183,"lastModifiedTime":1732721549755}},"D:\\harmonyOs\\project\\heima_cloud_music\\entry\\build\\default\\intermediates\\hap_metadata\\default\\output_metadata.json":{"hashValue":"16af19cad8646ad9f344d6aea3565e45","name":"output_metadata.json","path":"D:\\harmonyOs\\project\\heima_cloud_music\\entry\\build\\default\\intermediates\\hap_metadata\\default\\output_metadata.json","type":"file","isSymbolicLink":false,"fileMetaData":{"size":84,"lastModifiedTime":1732721678191}},"D:\\harmonyOs\\project\\heima_cloud_music\\entry\\build\\default\\intermediates\\merge_profile\\default\\module.json":{"hashValue":"31bfe3eabe30f1af8a7a630902eb4e2a","name":"module.json","path":"D:\\harmonyOs\\project\\heima_cloud_music\\entry\\build\\default\\intermediates\\merge_profile\\default\\module.json","type":"file","isSymbolicLink":false,"fileMetaData":{"size":1956,"lastModifiedTime":1732721678195}},"D:\\harmonyOs\\project\\heima_cloud_music\\entry\\build\\default\\generated\\profile\\default\\BuildProfile.ets":{"hashValue":"3a6c3c458d0a7047d744a071c1cef106","name":"BuildProfile.ets","path":"D:\\harmonyOs\\project\\heima_cloud_music\\entry\\build\\default\\generated\\profile\\default\\BuildProfile.ets","type":"file","isSymbolicLink":false,"fileMetaData":{"size":870,"lastModifiedTime":1732721678199}},"D:\\harmonyOs\\project\\heima_cloud_music\\entry\\build\\default\\outputs\\default\\pack.info":{"hashValue":"3e8aacd3c99f7425673bf276a70cfcef","name":"pack.info","path":"D:\\harmonyOs\\project\\heima_cloud_music\\entry\\build\\default\\outputs\\default\\pack.info","type":"file","isSymbolicLink":false,"fileMetaData":{"size":753,"lastModifiedTime":1732721678213}},"D:\\harmonyOs\\project\\heima_cloud_music\\entry\\build\\default\\intermediates\\process_profile\\default\\module.json":{"hashValue":"ff2d6bf7bcc6f3f2a3364e2b593942e9","name":"module.json","path":"D:\\harmonyOs\\project\\heima_cloud_music\\entry\\build\\default\\intermediates\\process_profile\\default\\module.json","type":"file","isSymbolicLink":false,"fileMetaData":{"size":2042,"lastModifiedTime":1732721678501}},"D:\\harmonyOs\\DevEco Studio\\sdk\\default\\openharmony\\toolchains\\syscap_tool.exe":{"hashValue":"deda553f1a31609a0601eda42d95b111","name":"syscap_tool.exe","path":"D:\\harmonyOs\\DevEco Studio\\sdk\\default\\openharmony\\toolchains\\syscap_tool.exe","type":"file","isSymbolicLink":false,"fileMetaData":{"size":345088,"lastModifiedTime":1729480855000}},"D:\\harmonyOs\\DevEco Studio\\sdk\\default\\openharmony\\ets\\api\\device-define":{"hashValue":"73998a88c573c759e705985efe5e6a04","name":"device-define","path":"D:\\harmonyOs\\DevEco Studio\\sdk\\default\\openharmony\\ets\\api\\device-define","type":"directory","isSymbolicLink":false,"children":[{"hashValue":"ce4d02e8a84219a069516e678709e4a8","name":"default.json","path":"D:\\harmonyOs\\DevEco Studio\\sdk\\default\\openharmony\\ets\\api\\device-define\\default.json","type":"file","isSymbolicLink":false,"fileMetaData":{"size":12253,"lastModifiedTime":1729480855000}},{"hashValue":"5614967bdb4e10c49209033e9ee6c155","name":"liteWearable.json","path":"D:\\harmonyOs\\DevEco Studio\\sdk\\default\\openharmony\\ets\\api\\device-define\\liteWearable.json","type":"file","isSymbolicLink":false,"fileMetaData":{"size":883,"lastModifiedTime":1729480855000}},{"hashValue":"63ed75ff84af62c5dd58913b71fb5afe","name":"tablet.json","path":"D:\\harmonyOs\\DevEco Studio\\sdk\\default\\openharmony\\ets\\api\\device-define\\tablet.json","type":"file","isSymbolicLink":false,"fileMetaData":{"size":11820,"lastModifiedTime":1729480855000}}]},"D:\\harmonyOs\\project\\heima_cloud_music\\oh-package.json5":{"hashValue":"3aa40bfb05d6285269a9c41a42eede55","name":"oh-package.json5","path":"D:\\harmonyOs\\project\\heima_cloud_music\\oh-package.json5","type":"file","isSymbolicLink":false,"fileMetaData":{"size":314,"lastModifiedTime":1732721549803}},"D:\\harmonyOs\\project\\heima_cloud_music\\entry\\build\\default\\intermediates\\router_map\\default\\temp-router-map.json":{"hashValue":"72d020737a57f6ff0667115065192fb3","name":"temp-router-map.json","path":"D:\\harmonyOs\\project\\heima_cloud_music\\entry\\build\\default\\intermediates\\router_map\\default\\temp-router-map.json","type":"file","isSymbolicLink":false,"fileMetaData":{"size":16,"lastModifiedTime":1732721662036}},"D:\\harmonyOs\\project\\heima_cloud_music\\entry\\build\\default\\intermediates\\router_map\\default\\loader-router-map.json":{"hashValue":"ccb70722873e734e10d53e467a336231","name":"loader-router-map.json","path":"D:\\harmonyOs\\project\\heima_cloud_music\\entry\\build\\default\\intermediates\\router_map\\default\\loader-router-map.json","type":"file","isSymbolicLink":false,"fileMetaData":{"size":16,"lastModifiedTime":1732721662037}},"D:\\harmonyOs\\project\\heima_cloud_music\\entry\\build\\default\\intermediates\\res\\default\\resConfig.json":{"hashValue":"fc16d2c1a868e61ad4aacf13ed74e925","name":"resConfig.json","path":"D:\\harmonyOs\\project\\heima_cloud_music\\entry\\build\\default\\intermediates\\res\\default\\resConfig.json","type":"file","isSymbolicLink":false,"fileMetaData":{"size":1120,"lastModifiedTime":1732721596309}},"D:\\harmonyOs\\project\\heima_cloud_music\\entry\\build\\default\\intermediates\\res\\default\\opt-compression.json":{"hashValue":"822535ffc2552e049163fbd0e7d70c67","name":"opt-compression.json","path":"D:\\harmonyOs\\project\\heima_cloud_music\\entry\\build\\default\\intermediates\\res\\default\\opt-compression.json","type":"file","isSymbolicLink":false,"fileMetaData":{"size":183,"lastModifiedTime":1732721596308}},"D:\\harmonyOs\\project\\heima_cloud_music\\entry\\build\\default\\intermediates\\loader\\default\\loader.json":{"hashValue":"ad10bb31fa5867a14d6e4c3c3aadc096","name":"loader.json","path":"D:\\harmonyOs\\project\\heima_cloud_music\\entry\\build\\default\\intermediates\\loader\\default\\loader.json","type":"file","isSymbolicLink":false,"fileMetaData":{"size":934,"lastModifiedTime":1732721662052}},"D:\\harmonyOs\\project\\heima_cloud_music\\entry\\build\\default\\intermediates\\loader\\default\\widget_loader.json":{"hashValue":"88578504033d10ade89225d7317b462f","name":"widget_loader.json","path":"D:\\harmonyOs\\project\\heima_cloud_music\\entry\\build\\default\\intermediates\\loader\\default\\widget_loader.json","type":"file","isSymbolicLink":false,"fileMetaData":{"size":934,"lastModifiedTime":1732721662052}},"D:\\harmonyOs\\project\\heima_cloud_music\\entry\\build\\default\\intermediates\\libs\\default":{"hashValue":"","name":"default","path":"D:\\harmonyOs\\project\\heima_cloud_music\\entry\\build\\default\\intermediates\\libs\\default","type":"directory","isSymbolicLink":false,"children":[]},"D:\\harmonyOs\\project\\heima_cloud_music\\entry\\src\\main\\resources":{"hashValue":"ab084905a52a8da666d25953459fb02f","name":"resources","path":"D:\\harmonyOs\\project\\heima_cloud_music\\entry\\src\\main\\resources","type":"directory","isSymbolicLink":false,"children":[{"hashValue":"b6718d188959dc54e8e9cb3078ab1889","name":"base","path":"D:\\harmonyOs\\project\\heima_cloud_music\\entry\\src\\main\\resources\\base","type":"directory","isSymbolicLink":false,"children":[{"hashValue":"d31b71dab182e8e9f57dcb93d82f5016","name":"element","path":"D:\\harmonyOs\\project\\heima_cloud_music\\entry\\src\\main\\resources\\base\\element","type":"directory","isSymbolicLink":false,"children":[{"hashValue":"c2fc33b3db7bb4ec63e9669d5c9c91a3","name":"color.json","path":"D:\\harmonyOs\\project\\heima_cloud_music\\entry\\src\\main\\resources\\base\\element\\color.json","type":"file","isSymbolicLink":false,"fileMetaData":{"size":327,"lastModifiedTime":1732721549764}},{"hashValue":"46eda1ef8472b360e786666afe422779","name":"float.json","path":"D:\\harmonyOs\\project\\heima_cloud_music\\entry\\src\\main\\resources\\base\\element\\float.json","type":"file","isSymbolicLink":false,"fileMetaData":{"size":88,"lastModifiedTime":1732721549764}},{"hashValue":"8acf85b5f5596486f38e565815834cb5","name":"string.json","path":"D:\\harmonyOs\\project\\heima_cloud_music\\entry\\src\\main\\resources\\base\\element\\string.json","type":"file","isSymbolicLink":false,"fileMetaData":{"size":762,"lastModifiedTime":1732721549764}}]},{"hashValue":"d3006b8a375dfee9bd309b71f9ff88ea","name":"media","path":"D:\\harmonyOs\\project\\heima_cloud_music\\entry\\src\\main\\resources\\base\\media","type":"directory","isSymbolicLink":false,"children":[{"hashValue":"d58cda6c06f2206185761b68a198c0b7","name":"ad.jpg","path":"D:\\harmonyOs\\project\\heima_cloud_music\\entry\\src\\main\\resources\\base\\media\\ad.jpg","type":"file","isSymbolicLink":false,"fileMetaData":{"size":1188645,"lastModifiedTime":1732721549768}},{"hashValue":"e7bb4a082ef79e70b89cb395e2840bca","name":"ic_auto.svg","path":"D:\\harmonyOs\\project\\heima_cloud_music\\entry\\src\\main\\resources\\base\\media\\ic_auto.svg","type":"file","isSymbolicLink":false,"fileMetaData":{"size":1743,"lastModifiedTime":1732721549768}},{"hashValue":"54416c9b93cc0b927b424053b58332d0","name":"ic_bells_o.svg","path":"D:\\harmonyOs\\project\\heima_cloud_music\\entry\\src\\main\\resources\\base\\media\\ic_bells_o.svg","type":"file","isSymbolicLink":false,"fileMetaData":{"size":16153,"lastModifiedTime":1732721549768}},{"hashValue":"52391f02b863327e0047df3781896bd9","name":"ic_boy.svg","path":"D:\\harmonyOs\\project\\heima_cloud_music\\entry\\src\\main\\resources\\base\\media\\ic_boy.svg","type":"file","isSymbolicLink":false,"fileMetaData":{"size":3876,"lastModifiedTime":1732721549768}},{"hashValue":"48195501b8a3321480524e7cfacbbdff","name":"ic_cd.png","path":"D:\\harmonyOs\\project\\heima_cloud_music\\entry\\src\\main\\resources\\base\\media\\ic_cd.png","type":"file","isSymbolicLink":false,"fileMetaData":{"size":26788,"lastModifiedTime":1732721549769}},{"hashValue":"84fe685f3b65f6f0fce7e39173fe20f4","name":"ic_close.svg","path":"D:\\harmonyOs\\project\\heima_cloud_music\\entry\\src\\main\\resources\\base\\media\\ic_close.svg","type":"file","isSymbolicLink":false,"fileMetaData":{"size":518,"lastModifiedTime":1732721549769}},{"hashValue":"e176e2226d2d3a8bac652c81ba0a9ade","name":"ic_code.svg","path":"D:\\harmonyOs\\project\\heima_cloud_music\\entry\\src\\main\\resources\\base\\media\\ic_code.svg","type":"file","isSymbolicLink":false,"fileMetaData":{"size":3267,"lastModifiedTime":1732721549769}},{"hashValue":"09189bb04ac51eb6f2b94091df03e569","name":"ic_collect.svg","path":"D:\\harmonyOs\\project\\heima_cloud_music\\entry\\src\\main\\resources\\base\\media\\ic_collect.svg","type":"file","isSymbolicLink":false,"fileMetaData":{"size":1271,"lastModifiedTime":1732721549769}},{"hashValue":"d4955869f8296b57ee68603c5769c61b","name":"ic_comment_o.svg","path":"D:\\harmonyOs\\project\\heima_cloud_music\\entry\\src\\main\\resources\\base\\media\\ic_comment_o.svg","type":"file","isSymbolicLink":false,"fileMetaData":{"size":2875,"lastModifiedTime":1732721549770}},{"hashValue":"1e7bc905c00ae40b850278abd1e3d7e1","name":"ic_comment.svg","path":"D:\\harmonyOs\\project\\heima_cloud_music\\entry\\src\\main\\resources\\base\\media\\ic_comment.svg","type":"file","isSymbolicLink":false,"fileMetaData":{"size":1019,"lastModifiedTime":1732721549770}},{"hashValue":"d2205b1c2adb4a2454d298e418e55f5e","name":"ic_download_o.svg","path":"D:\\harmonyOs\\project\\heima_cloud_music\\entry\\src\\main\\resources\\base\\media\\ic_download_o.svg","type":"file","isSymbolicLink":false,"fileMetaData":{"size":1607,"lastModifiedTime":1732721549770}},{"hashValue":"8454a9d1b39b58ce22028a1a57164cb9","name":"ic_favorite.svg","path":"D:\\harmonyOs\\project\\heima_cloud_music\\entry\\src\\main\\resources\\base\\media\\ic_favorite.svg","type":"file","isSymbolicLink":false,"fileMetaData":{"size":4953,"lastModifiedTime":1732721549770}},{"hashValue":"6f0303f5fe7b1bcdf9f4c383608285a3","name":"ic_find.svg","path":"D:\\harmonyOs\\project\\heima_cloud_music\\entry\\src\\main\\resources\\base\\media\\ic_find.svg","type":"file","isSymbolicLink":false,"fileMetaData":{"size":2655,"lastModifiedTime":1732721549770}},{"hashValue":"2a3a105df1fcb245e6e1fbbfbd802785","name":"ic_like.svg","path":"D:\\harmonyOs\\project\\heima_cloud_music\\entry\\src\\main\\resources\\base\\media\\ic_like.svg","type":"file","isSymbolicLink":false,"fileMetaData":{"size":1900,"lastModifiedTime":1732721549770}},{"hashValue":"12df42268e02d9281410ed35d80bb18a","name":"ic_logo.svg","path":"D:\\harmonyOs\\project\\heima_cloud_music\\entry\\src\\main\\resources\\base\\media\\ic_logo.svg","type":"file","isSymbolicLink":false,"fileMetaData":{"size":1899,"lastModifiedTime":1732721549772}},{"hashValue":"4c24dad056611ee20067f0db1410e130","name":"ic_mine.svg","path":"D:\\harmonyOs\\project\\heima_cloud_music\\entry\\src\\main\\resources\\base\\media\\ic_mine.svg","type":"file","isSymbolicLink":false,"fileMetaData":{"size":1496,"lastModifiedTime":1732721549772}},{"hashValue":"45a2690c7c8994e6d3618b349794c1e3","name":"ic_moment.svg","path":"D:\\harmonyOs\\project\\heima_cloud_music\\entry\\src\\main\\resources\\base\\media\\ic_moment.svg","type":"file","isSymbolicLink":false,"fileMetaData":{"size":1589,"lastModifiedTime":1732721549772}},{"hashValue":"eb032070401da67e00ab2696e36d2a7f","name":"ic_more.svg","path":"D:\\harmonyOs\\project\\heima_cloud_music\\entry\\src\\main\\resources\\base\\media\\ic_more.svg","type":"file","isSymbolicLink":false,"fileMetaData":{"size":646,"lastModifiedTime":1732721549772}},{"hashValue":"ade40706aedd136b7774581da6682678","name":"ic_next.svg","path":"D:\\harmonyOs\\project\\heima_cloud_music\\entry\\src\\main\\resources\\base\\media\\ic_next.svg","type":"file","isSymbolicLink":false,"fileMetaData":{"size":894,"lastModifiedTime":1732721549772}},{"hashValue":"0f4ada14aa87beaabd5cb4ed7f83bcfd","name":"ic_paused.svg","path":"D:\\harmonyOs\\project\\heima_cloud_music\\entry\\src\\main\\resources\\base\\media\\ic_paused.svg","type":"file","isSymbolicLink":false,"fileMetaData":{"size":591,"lastModifiedTime":1732721549773}},{"hashValue":"a078557054cd31a2c7ece3d18e19275d","name":"ic_play.svg","path":"D:\\harmonyOs\\project\\heima_cloud_music\\entry\\src\\main\\resources\\base\\media\\ic_play.svg","type":"file","isSymbolicLink":false,"fileMetaData":{"size":761,"lastModifiedTime":1732721549773}},{"hashValue":"3501cff24c678c22c67128921e3f4904","name":"ic_playing.gif","path":"D:\\harmonyOs\\project\\heima_cloud_music\\entry\\src\\main\\resources\\base\\media\\ic_playing.gif","type":"file","isSymbolicLink":false,"fileMetaData":{"size":67317,"lastModifiedTime":1732721549773}},{"hashValue":"66d93582b3dfb2c84b90bee1b5b73008","name":"ic_prev.svg","path":"D:\\harmonyOs\\project\\heima_cloud_music\\entry\\src\\main\\resources\\base\\media\\ic_prev.svg","type":"file","isSymbolicLink":false,"fileMetaData":{"size":893,"lastModifiedTime":1732721549773}},{"hashValue":"b26cab40dc7854d0949a13c192b9cd53","name":"ic_random.svg","path":"D:\\harmonyOs\\project\\heima_cloud_music\\entry\\src\\main\\resources\\base\\media\\ic_random.svg","type":"file","isSymbolicLink":false,"fileMetaData":{"size":1514,"lastModifiedTime":1732721549774}},{"hashValue":"186b455576e19b15ff0c187d35b376d0","name":"ic_recommend.svg","path":"D:\\harmonyOs\\project\\heima_cloud_music\\entry\\src\\main\\resources\\base\\media\\ic_recommend.svg","type":"file","isSymbolicLink":false,"fileMetaData":{"size":2520,"lastModifiedTime":1732721549774}},{"hashValue":"f8b7d0c79b2018a08f077620cdfa9d40","name":"ic_repeat.svg","path":"D:\\harmonyOs\\project\\heima_cloud_music\\entry\\src\\main\\resources\\base\\media\\ic_repeat.svg","type":"file","isSymbolicLink":false,"fileMetaData":{"size":1314,"lastModifiedTime":1732721549775}},{"hashValue":"4dddab35fe447b4bbb2732ae5e0af12b","name":"ic_search.svg","path":"D:\\harmonyOs\\project\\heima_cloud_music\\entry\\src\\main\\resources\\base\\media\\ic_search.svg","type":"file","isSymbolicLink":false,"fileMetaData":{"size":1816,"lastModifiedTime":1732721549775}},{"hashValue":"9f89063d29f68d29190e834e0ae233da","name":"ic_share.svg","path":"D:\\harmonyOs\\project\\heima_cloud_music\\entry\\src\\main\\resources\\base\\media\\ic_share.svg","type":"file","isSymbolicLink":false,"fileMetaData":{"size":981,"lastModifiedTime":1732721549775}},{"hashValue":"eb1a6022cd74753dba420e15f827017f","name":"ic_sing.svg","path":"D:\\harmonyOs\\project\\heima_cloud_music\\entry\\src\\main\\resources\\base\\media\\ic_sing.svg","type":"file","isSymbolicLink":false,"fileMetaData":{"size":1320,"lastModifiedTime":1732721549775}},{"hashValue":"c96e559d51f907807fe479cac17cae74","name":"ic_single_play.svg","path":"D:\\harmonyOs\\project\\heima_cloud_music\\entry\\src\\main\\resources\\base\\media\\ic_single_play.svg","type":"file","isSymbolicLink":false,"fileMetaData":{"size":1741,"lastModifiedTime":1732721549775}},{"hashValue":"8b2b168ad6090e5cdbbcfce9ed777c70","name":"ic_song_list.svg","path":"D:\\harmonyOs\\project\\heima_cloud_music\\entry\\src\\main\\resources\\base\\media\\ic_song_list.svg","type":"file","isSymbolicLink":false,"fileMetaData":{"size":1267,"lastModifiedTime":1732721549775}},{"hashValue":"bacce359b13333c55a96959bcc8419a2","name":"ic_stylus.png","path":"D:\\harmonyOs\\project\\heima_cloud_music\\entry\\src\\main\\resources\\base\\media\\ic_stylus.png","type":"file","isSymbolicLink":false,"fileMetaData":{"size":55484,"lastModifiedTime":1732721549775}},{"hashValue":"c40f9b1fe17b596933829227dc5a130d","name":"ic_vip.png","path":"D:\\harmonyOs\\project\\heima_cloud_music\\entry\\src\\main\\resources\\base\\media\\ic_vip.png","type":"file","isSymbolicLink":false,"fileMetaData":{"size":5791,"lastModifiedTime":1732721549775}},{"hashValue":"209e34b1b6cc490f2ae1178a561fe9d7","name":"icon.png","path":"D:\\harmonyOs\\project\\heima_cloud_music\\entry\\src\\main\\resources\\base\\media\\icon.png","type":"file","isSymbolicLink":false,"fileMetaData":{"size":6790,"lastModifiedTime":1732721549776}},{"hashValue":"2d7c66baa178431f0d731bd929da5763","name":"logo.png","path":"D:\\harmonyOs\\project\\heima_cloud_music\\entry\\src\\main\\resources\\base\\media\\logo.png","type":"file","isSymbolicLink":false,"fileMetaData":{"size":26320,"lastModifiedTime":1732721549776}},{"hashValue":"b7b551ed198516ad3876e1ebe290d9e8","name":"startIcon.png","path":"D:\\harmonyOs\\project\\heima_cloud_music\\entry\\src\\main\\resources\\base\\media\\startIcon.png","type":"file","isSymbolicLink":false,"fileMetaData":{"size":4351,"lastModifiedTime":1732721549776}}]},{"hashValue":"c2fe45dd34f9e7f4b788a4b14df644c9","name":"profile","path":"D:\\harmonyOs\\project\\heima_cloud_music\\entry\\src\\main\\resources\\base\\profile","type":"directory","isSymbolicLink":false,"children":[{"hashValue":"2836d9f476773fcccd75d3fda6c8a850","name":"form_config.json","path":"D:\\harmonyOs\\project\\heima_cloud_music\\entry\\src\\main\\resources\\base\\profile\\form_config.json","type":"file","isSymbolicLink":false,"fileMetaData":{"size":596,"lastModifiedTime":1732721549776}},{"hashValue":"9a5cfb683c4f4a5afc325b4b82012227","name":"main_pages.json","path":"D:\\harmonyOs\\project\\heima_cloud_music\\entry\\src\\main\\resources\\base\\profile\\main_pages.json","type":"file","isSymbolicLink":false,"fileMetaData":{"size":238,"lastModifiedTime":1732721549777}}]}]},{"hashValue":"80ce8cd06cce4bbbf524096bf1f5d3b6","name":"en_US","path":"D:\\harmonyOs\\project\\heima_cloud_music\\entry\\src\\main\\resources\\en_US","type":"directory","isSymbolicLink":false,"children":[{"hashValue":"744748ca811c3bfb1116c2b702298cae","name":"element","path":"D:\\harmonyOs\\project\\heima_cloud_music\\entry\\src\\main\\resources\\en_US\\element","type":"directory","isSymbolicLink":false,"children":[{"hashValue":"69d4654e1845d19172c872f90f04f02c","name":"string.json","path":"D:\\harmonyOs\\project\\heima_cloud_music\\entry\\src\\main\\resources\\en_US\\element\\string.json","type":"file","isSymbolicLink":false,"fileMetaData":{"size":762,"lastModifiedTime":1732721549777}}]}]},{"hashValue":"a416b08ea009c79cb90a4ec9aef73f32","name":"rawfile","path":"D:\\harmonyOs\\project\\heima_cloud_music\\entry\\src\\main\\resources\\rawfile","type":"directory","isSymbolicLink":false,"children":[{"hashValue":"3ab6b8102de09f29182ccef169c2c30a","name":"bgm1.mp3","path":"D:\\harmonyOs\\project\\heima_cloud_music\\entry\\src\\main\\resources\\rawfile\\bgm1.mp3","type":"file","isSymbolicLink":false,"fileMetaData":{"size":3617062,"lastModifiedTime":1732721549796}},{"hashValue":"4128d3f9231cd9b62b4008e61a6a63b3","name":"test.json","path":"D:\\harmonyOs\\project\\heima_cloud_music\\entry\\src\\main\\resources\\rawfile\\test.json","type":"file","isSymbolicLink":false,"fileMetaData":{"size":2600,"lastModifiedTime":1732721549798}}]},{"hashValue":"ce949104532196971c79f0b3a3bf7edd","name":"zh_CN","path":"D:\\harmonyOs\\project\\heima_cloud_music\\entry\\src\\main\\resources\\zh_CN","type":"directory","isSymbolicLink":false,"children":[{"hashValue":"963095bc0e15c4115a58661dbd881943","name":"element","path":"D:\\harmonyOs\\project\\heima_cloud_music\\entry\\src\\main\\resources\\zh_CN\\element","type":"directory","isSymbolicLink":false,"children":[{"hashValue":"ccb52c7aa8028f31b80cd9e90c0f4fad","name":"string.json","path":"D:\\harmonyOs\\project\\heima_cloud_music\\entry\\src\\main\\resources\\zh_CN\\element\\string.json","type":"file","isSymbolicLink":false,"fileMetaData":{"size":756,"lastModifiedTime":1732721549799}}]}]}]},"D:\\harmonyOs\\project\\heima_cloud_music\\AppScope\\resources":{"hashValue":"a9e312b049389d34b0f983c99e54ca56","name":"resources","path":"D:\\harmonyOs\\project\\heima_cloud_music\\AppScope\\resources","type":"directory","isSymbolicLink":false,"children":[{"hashValue":"fb21abfa39ba4fd5c4cbbbdd988fa52d","name":"base","path":"D:\\harmonyOs\\project\\heima_cloud_music\\AppScope\\resources\\base","type":"directory","isSymbolicLink":false,"children":[{"hashValue":"83855668b7caf7d1135838e1944accc0","name":"element","path":"D:\\harmonyOs\\project\\heima_cloud_music\\AppScope\\resources\\base\\element","type":"directory","isSymbolicLink":false,"children":[{"hashValue":"e9e72f660e6b0d5e614a4ef6a65b27ab","name":"string.json","path":"D:\\harmonyOs\\project\\heima_cloud_music\\AppScope\\resources\\base\\element\\string.json","type":"file","isSymbolicLink":false,"fileMetaData":{"size":101,"lastModifiedTime":1732721549654}}]},{"hashValue":"53aaa46f5d6c294c81ef230cf8176b36","name":"media","path":"D:\\harmonyOs\\project\\heima_cloud_music\\AppScope\\resources\\base\\media","type":"directory","isSymbolicLink":false,"children":[{"hashValue":"8e6bc4230b4b334c33d87a2be2db2c2f","name":"logo.png","path":"D:\\harmonyOs\\project\\heima_cloud_music\\AppScope\\resources\\base\\media\\logo.png","type":"file","isSymbolicLink":false,"fileMetaData":{"size":26320,"lastModifiedTime":1732721549655}}]}]}]},"D:\\harmonyOs\\project\\heima_cloud_music\\entry\\build\\default\\intermediates\\res\\default":{"hashValue":"c44a0c14dcd96caead090c5bfdd8d2a1","name":"default","path":"D:\\harmonyOs\\project\\heima_cloud_music\\entry\\build\\default\\intermediates\\res\\default","type":"directory","isSymbolicLink":false,"children":[{"hashValue":"6e32930102567d6be2af18ef1d4ca8a7","name":"ids_map","path":"D:\\harmonyOs\\project\\heima_cloud_music\\entry\\build\\default\\intermediates\\res\\default\\ids_map","type":"directory","isSymbolicLink":false,"children":[{"hashValue":"8218389c124022d5d9d33692286ea141","name":"id_defined.json","path":"D:\\harmonyOs\\project\\heima_cloud_music\\entry\\build\\default\\intermediates\\res\\default\\ids_map\\id_defined.json","type":"file","isSymbolicLink":false,"fileMetaData":{"size":3963,"lastModifiedTime":1732721678762}}]},{"hashValue":"35e5f4f2cde11784775ab4fc4cbe2be0","name":"module.json","path":"D:\\harmonyOs\\project\\heima_cloud_music\\entry\\build\\default\\intermediates\\res\\default\\module.json","type":"file","isSymbolicLink":false,"fileMetaData":{"size":2273,"lastModifiedTime":1732721678761}},{"hashValue":"822535ffc2552e049163fbd0e7d70c67","name":"opt-compression.json","path":"D:\\harmonyOs\\project\\heima_cloud_music\\entry\\build\\default\\intermediates\\res\\default\\opt-compression.json","type":"file","isSymbolicLink":false,"fileMetaData":{"size":183,"lastModifiedTime":1732721596308}},{"hashValue":"fc16d2c1a868e61ad4aacf13ed74e925","name":"resConfig.json","path":"D:\\harmonyOs\\project\\heima_cloud_music\\entry\\build\\default\\intermediates\\res\\default\\resConfig.json","type":"file","isSymbolicLink":false,"fileMetaData":{"size":1120,"lastModifiedTime":1732721596309}},{"hashValue":"f2b045b916e56db13d171dae00bdf08c","name":"resources","path":"D:\\harmonyOs\\project\\heima_cloud_music\\entry\\build\\default\\intermediates\\res\\default\\resources","type":"directory","isSymbolicLink":false,"children":[{"hashValue":"2a5e3d5c08bd1e3c93ae6d065812afa1","name":"base","path":"D:\\harmonyOs\\project\\heima_cloud_music\\entry\\build\\default\\intermediates\\res\\default\\resources\\base","type":"directory","isSymbolicLink":false,"children":[{"hashValue":"1f12d7640688e6923c097568bee0b188","name":"media","path":"D:\\harmonyOs\\project\\heima_cloud_music\\entry\\build\\default\\intermediates\\res\\default\\resources\\base\\media","type":"directory","isSymbolicLink":false,"children":[{"hashValue":"d58cda6c06f2206185761b68a198c0b7","name":"ad.jpg","path":"D:\\harmonyOs\\project\\heima_cloud_music\\entry\\build\\default\\intermediates\\res\\default\\resources\\base\\media\\ad.jpg","type":"file","isSymbolicLink":false,"fileMetaData":{"size":1188645,"lastModifiedTime":1732721549768}},{"hashValue":"e7bb4a082ef79e70b89cb395e2840bca","name":"ic_auto.svg","path":"D:\\harmonyOs\\project\\heima_cloud_music\\entry\\build\\default\\intermediates\\res\\default\\resources\\base\\media\\ic_auto.svg","type":"file","isSymbolicLink":false,"fileMetaData":{"size":1743,"lastModifiedTime":1732721549768}},{"hashValue":"54416c9b93cc0b927b424053b58332d0","name":"ic_bells_o.svg","path":"D:\\harmonyOs\\project\\heima_cloud_music\\entry\\build\\default\\intermediates\\res\\default\\resources\\base\\media\\ic_bells_o.svg","type":"file","isSymbolicLink":false,"fileMetaData":{"size":16153,"lastModifiedTime":1732721549768}},{"hashValue":"52391f02b863327e0047df3781896bd9","name":"ic_boy.svg","path":"D:\\harmonyOs\\project\\heima_cloud_music\\entry\\build\\default\\intermediates\\res\\default\\resources\\base\\media\\ic_boy.svg","type":"file","isSymbolicLink":false,"fileMetaData":{"size":3876,"lastModifiedTime":1732721549768}},{"hashValue":"48195501b8a3321480524e7cfacbbdff","name":"ic_cd.png","path":"D:\\harmonyOs\\project\\heima_cloud_music\\entry\\build\\default\\intermediates\\res\\default\\resources\\base\\media\\ic_cd.png","type":"file","isSymbolicLink":false,"fileMetaData":{"size":26788,"lastModifiedTime":1732721549769}},{"hashValue":"84fe685f3b65f6f0fce7e39173fe20f4","name":"ic_close.svg","path":"D:\\harmonyOs\\project\\heima_cloud_music\\entry\\build\\default\\intermediates\\res\\default\\resources\\base\\media\\ic_close.svg","type":"file","isSymbolicLink":false,"fileMetaData":{"size":518,"lastModifiedTime":1732721549769}},{"hashValue":"e176e2226d2d3a8bac652c81ba0a9ade","name":"ic_code.svg","path":"D:\\harmonyOs\\project\\heima_cloud_music\\entry\\build\\default\\intermediates\\res\\default\\resources\\base\\media\\ic_code.svg","type":"file","isSymbolicLink":false,"fileMetaData":{"size":3267,"lastModifiedTime":1732721549769}},{"hashValue":"09189bb04ac51eb6f2b94091df03e569","name":"ic_collect.svg","path":"D:\\harmonyOs\\project\\heima_cloud_music\\entry\\build\\default\\intermediates\\res\\default\\resources\\base\\media\\ic_collect.svg","type":"file","isSymbolicLink":false,"fileMetaData":{"size":1271,"lastModifiedTime":1732721549769}},{"hashValue":"d4955869f8296b57ee68603c5769c61b","name":"ic_comment_o.svg","path":"D:\\harmonyOs\\project\\heima_cloud_music\\entry\\build\\default\\intermediates\\res\\default\\resources\\base\\media\\ic_comment_o.svg","type":"file","isSymbolicLink":false,"fileMetaData":{"size":2875,"lastModifiedTime":1732721549770}},{"hashValue":"1e7bc905c00ae40b850278abd1e3d7e1","name":"ic_comment.svg","path":"D:\\harmonyOs\\project\\heima_cloud_music\\entry\\build\\default\\intermediates\\res\\default\\resources\\base\\media\\ic_comment.svg","type":"file","isSymbolicLink":false,"fileMetaData":{"size":1019,"lastModifiedTime":1732721549770}},{"hashValue":"d2205b1c2adb4a2454d298e418e55f5e","name":"ic_download_o.svg","path":"D:\\harmonyOs\\project\\heima_cloud_music\\entry\\build\\default\\intermediates\\res\\default\\resources\\base\\media\\ic_download_o.svg","type":"file","isSymbolicLink":false,"fileMetaData":{"size":1607,"lastModifiedTime":1732721549770}},{"hashValue":"8454a9d1b39b58ce22028a1a57164cb9","name":"ic_favorite.svg","path":"D:\\harmonyOs\\project\\heima_cloud_music\\entry\\build\\default\\intermediates\\res\\default\\resources\\base\\media\\ic_favorite.svg","type":"file","isSymbolicLink":false,"fileMetaData":{"size":4953,"lastModifiedTime":1732721549770}},{"hashValue":"6f0303f5fe7b1bcdf9f4c383608285a3","name":"ic_find.svg","path":"D:\\harmonyOs\\project\\heima_cloud_music\\entry\\build\\default\\intermediates\\res\\default\\resources\\base\\media\\ic_find.svg","type":"file","isSymbolicLink":false,"fileMetaData":{"size":2655,"lastModifiedTime":1732721549770}},{"hashValue":"2a3a105df1fcb245e6e1fbbfbd802785","name":"ic_like.svg","path":"D:\\harmonyOs\\project\\heima_cloud_music\\entry\\build\\default\\intermediates\\res\\default\\resources\\base\\media\\ic_like.svg","type":"file","isSymbolicLink":false,"fileMetaData":{"size":1900,"lastModifiedTime":1732721549770}},{"hashValue":"12df42268e02d9281410ed35d80bb18a","name":"ic_logo.svg","path":"D:\\harmonyOs\\project\\heima_cloud_music\\entry\\build\\default\\intermediates\\res\\default\\resources\\base\\media\\ic_logo.svg","type":"file","isSymbolicLink":false,"fileMetaData":{"size":1899,"lastModifiedTime":1732721549772}},{"hashValue":"4c24dad056611ee20067f0db1410e130","name":"ic_mine.svg","path":"D:\\harmonyOs\\project\\heima_cloud_music\\entry\\build\\default\\intermediates\\res\\default\\resources\\base\\media\\ic_mine.svg","type":"file","isSymbolicLink":false,"fileMetaData":{"size":1496,"lastModifiedTime":1732721549772}},{"hashValue":"45a2690c7c8994e6d3618b349794c1e3","name":"ic_moment.svg","path":"D:\\harmonyOs\\project\\heima_cloud_music\\entry\\build\\default\\intermediates\\res\\default\\resources\\base\\media\\ic_moment.svg","type":"file","isSymbolicLink":false,"fileMetaData":{"size":1589,"lastModifiedTime":1732721549772}},{"hashValue":"eb032070401da67e00ab2696e36d2a7f","name":"ic_more.svg","path":"D:\\harmonyOs\\project\\heima_cloud_music\\entry\\build\\default\\intermediates\\res\\default\\resources\\base\\media\\ic_more.svg","type":"file","isSymbolicLink":false,"fileMetaData":{"size":646,"lastModifiedTime":1732721549772}},{"hashValue":"ade40706aedd136b7774581da6682678","name":"ic_next.svg","path":"D:\\harmonyOs\\project\\heima_cloud_music\\entry\\build\\default\\intermediates\\res\\default\\resources\\base\\media\\ic_next.svg","type":"file","isSymbolicLink":false,"fileMetaData":{"size":894,"lastModifiedTime":1732721549772}},{"hashValue":"0f4ada14aa87beaabd5cb4ed7f83bcfd","name":"ic_paused.svg","path":"D:\\harmonyOs\\project\\heima_cloud_music\\entry\\build\\default\\intermediates\\res\\default\\resources\\base\\media\\ic_paused.svg","type":"file","isSymbolicLink":false,"fileMetaData":{"size":591,"lastModifiedTime":1732721549773}},{"hashValue":"a078557054cd31a2c7ece3d18e19275d","name":"ic_play.svg","path":"D:\\harmonyOs\\project\\heima_cloud_music\\entry\\build\\default\\intermediates\\res\\default\\resources\\base\\media\\ic_play.svg","type":"file","isSymbolicLink":false,"fileMetaData":{"size":761,"lastModifiedTime":1732721549773}},{"hashValue":"3501cff24c678c22c67128921e3f4904","name":"ic_playing.gif","path":"D:\\harmonyOs\\project\\heima_cloud_music\\entry\\build\\default\\intermediates\\res\\default\\resources\\base\\media\\ic_playing.gif","type":"file","isSymbolicLink":false,"fileMetaData":{"size":67317,"lastModifiedTime":1732721549773}},{"hashValue":"66d93582b3dfb2c84b90bee1b5b73008","name":"ic_prev.svg","path":"D:\\harmonyOs\\project\\heima_cloud_music\\entry\\build\\default\\intermediates\\res\\default\\resources\\base\\media\\ic_prev.svg","type":"file","isSymbolicLink":false,"fileMetaData":{"size":893,"lastModifiedTime":1732721549773}},{"hashValue":"b26cab40dc7854d0949a13c192b9cd53","name":"ic_random.svg","path":"D:\\harmonyOs\\project\\heima_cloud_music\\entry\\build\\default\\intermediates\\res\\default\\resources\\base\\media\\ic_random.svg","type":"file","isSymbolicLink":false,"fileMetaData":{"size":1514,"lastModifiedTime":1732721549774}},{"hashValue":"186b455576e19b15ff0c187d35b376d0","name":"ic_recommend.svg","path":"D:\\harmonyOs\\project\\heima_cloud_music\\entry\\build\\default\\intermediates\\res\\default\\resources\\base\\media\\ic_recommend.svg","type":"file","isSymbolicLink":false,"fileMetaData":{"size":2520,"lastModifiedTime":1732721549774}},{"hashValue":"f8b7d0c79b2018a08f077620cdfa9d40","name":"ic_repeat.svg","path":"D:\\harmonyOs\\project\\heima_cloud_music\\entry\\build\\default\\intermediates\\res\\default\\resources\\base\\media\\ic_repeat.svg","type":"file","isSymbolicLink":false,"fileMetaData":{"size":1314,"lastModifiedTime":1732721549775}},{"hashValue":"4dddab35fe447b4bbb2732ae5e0af12b","name":"ic_search.svg","path":"D:\\harmonyOs\\project\\heima_cloud_music\\entry\\build\\default\\intermediates\\res\\default\\resources\\base\\media\\ic_search.svg","type":"file","isSymbolicLink":false,"fileMetaData":{"size":1816,"lastModifiedTime":1732721549775}},{"hashValue":"9f89063d29f68d29190e834e0ae233da","name":"ic_share.svg","path":"D:\\harmonyOs\\project\\heima_cloud_music\\entry\\build\\default\\intermediates\\res\\default\\resources\\base\\media\\ic_share.svg","type":"file","isSymbolicLink":false,"fileMetaData":{"size":981,"lastModifiedTime":1732721549775}},{"hashValue":"eb1a6022cd74753dba420e15f827017f","name":"ic_sing.svg","path":"D:\\harmonyOs\\project\\heima_cloud_music\\entry\\build\\default\\intermediates\\res\\default\\resources\\base\\media\\ic_sing.svg","type":"file","isSymbolicLink":false,"fileMetaData":{"size":1320,"lastModifiedTime":1732721549775}},{"hashValue":"c96e559d51f907807fe479cac17cae74","name":"ic_single_play.svg","path":"D:\\harmonyOs\\project\\heima_cloud_music\\entry\\build\\default\\intermediates\\res\\default\\resources\\base\\media\\ic_single_play.svg","type":"file","isSymbolicLink":false,"fileMetaData":{"size":1741,"lastModifiedTime":1732721549775}},{"hashValue":"8b2b168ad6090e5cdbbcfce9ed777c70","name":"ic_song_list.svg","path":"D:\\harmonyOs\\project\\heima_cloud_music\\entry\\build\\default\\intermediates\\res\\default\\resources\\base\\media\\ic_song_list.svg","type":"file","isSymbolicLink":false,"fileMetaData":{"size":1267,"lastModifiedTime":1732721549775}},{"hashValue":"bacce359b13333c55a96959bcc8419a2","name":"ic_stylus.png","path":"D:\\harmonyOs\\project\\heima_cloud_music\\entry\\build\\default\\intermediates\\res\\default\\resources\\base\\media\\ic_stylus.png","type":"file","isSymbolicLink":false,"fileMetaData":{"size":55484,"lastModifiedTime":1732721549775}},{"hashValue":"c40f9b1fe17b596933829227dc5a130d","name":"ic_vip.png","path":"D:\\harmonyOs\\project\\heima_cloud_music\\entry\\build\\default\\intermediates\\res\\default\\resources\\base\\media\\ic_vip.png","type":"file","isSymbolicLink":false,"fileMetaData":{"size":5791,"lastModifiedTime":1732721549775}},{"hashValue":"209e34b1b6cc490f2ae1178a561fe9d7","name":"icon.png","path":"D:\\harmonyOs\\project\\heima_cloud_music\\entry\\build\\default\\intermediates\\res\\default\\resources\\base\\media\\icon.png","type":"file","isSymbolicLink":false,"fileMetaData":{"size":6790,"lastModifiedTime":1732721549776}},{"hashValue":"8e6bc4230b4b334c33d87a2be2db2c2f","name":"logo.png","path":"D:\\harmonyOs\\project\\heima_cloud_music\\entry\\build\\default\\intermediates\\res\\default\\resources\\base\\media\\logo.png","type":"file","isSymbolicLink":false,"fileMetaData":{"size":26320,"lastModifiedTime":1732721549655}},{"hashValue":"b7b551ed198516ad3876e1ebe290d9e8","name":"startIcon.png","path":"D:\\harmonyOs\\project\\heima_cloud_music\\entry\\build\\default\\intermediates\\res\\default\\resources\\base\\media\\startIcon.png","type":"file","isSymbolicLink":false,"fileMetaData":{"size":4351,"lastModifiedTime":1732721549776}}]},{"hashValue":"f93766320c838854cd074a2c6a855136","name":"profile","path":"D:\\harmonyOs\\project\\heima_cloud_music\\entry\\build\\default\\intermediates\\res\\default\\resources\\base\\profile","type":"directory","isSymbolicLink":false,"children":[{"hashValue":"4104cbd4f8ff726ce667b0074eace9a5","name":"form_config.json","path":"D:\\harmonyOs\\project\\heima_cloud_music\\entry\\build\\default\\intermediates\\res\\default\\resources\\base\\profile\\form_config.json","type":"file","isSymbolicLink":false,"fileMetaData":{"size":478,"lastModifiedTime":1732721678758}},{"hashValue":"9a5cfb683c4f4a5afc325b4b82012227","name":"main_pages.json","path":"D:\\harmonyOs\\project\\heima_cloud_music\\entry\\build\\default\\intermediates\\res\\default\\resources\\base\\profile\\main_pages.json","type":"file","isSymbolicLink":false,"fileMetaData":{"size":238,"lastModifiedTime":1732721549777}}]}]},{"hashValue":"a416b08ea009c79cb90a4ec9aef73f32","name":"rawfile","path":"D:\\harmonyOs\\project\\heima_cloud_music\\entry\\build\\default\\intermediates\\res\\default\\resources\\rawfile","type":"directory","isSymbolicLink":false,"children":[{"hashValue":"3ab6b8102de09f29182ccef169c2c30a","name":"bgm1.mp3","path":"D:\\harmonyOs\\project\\heima_cloud_music\\entry\\build\\default\\intermediates\\res\\default\\resources\\rawfile\\bgm1.mp3","type":"file","isSymbolicLink":false,"fileMetaData":{"size":3617062,"lastModifiedTime":1732721549796}},{"hashValue":"4128d3f9231cd9b62b4008e61a6a63b3","name":"test.json","path":"D:\\harmonyOs\\project\\heima_cloud_music\\entry\\build\\default\\intermediates\\res\\default\\resources\\rawfile\\test.json","type":"file","isSymbolicLink":false,"fileMetaData":{"size":2600,"lastModifiedTime":1732721549798}}]}]},{"hashValue":"997d454d2060bb4e566dd9a7f6edeeff","name":"resources.index","path":"D:\\harmonyOs\\project\\heima_cloud_music\\entry\\build\\default\\intermediates\\res\\default\\resources.index","type":"file","isSymbolicLink":false,"fileMetaData":{"size":4803,"lastModifiedTime":1732721678762}},{"hashValue":"21829543c56170b1312e1a64c89a6d25","name":"ResourceTable.txt","path":"D:\\harmonyOs\\project\\heima_cloud_music\\entry\\build\\default\\intermediates\\res\\default\\ResourceTable.txt","type":"file","isSymbolicLink":false,"fileMetaData":{"size":1509,"lastModifiedTime":1732721678758}}]},"D:\\harmonyOs\\project\\heima_cloud_music\\entry\\build\\default\\generated\\r\\default\\ResourceTable.h":{"hashValue":"6e15b1865d621e16adf0a6a031fd1e8e","name":"ResourceTable.h","path":"D:\\harmonyOs\\project\\heima_cloud_music\\entry\\build\\default\\generated\\r\\default\\ResourceTable.h","type":"file","isSymbolicLink":false,"fileMetaData":{"size":3116,"lastModifiedTime":1732721678758}},"D:\\harmonyOs\\project\\heima_cloud_music\\entry\\build\\default\\generated\\r\\default":{"hashValue":"ca91071963ef3c547805d2893274d66d","name":"default","path":"D:\\harmonyOs\\project\\heima_cloud_music\\entry\\build\\default\\generated\\r\\default","type":"directory","isSymbolicLink":false,"children":[{"hashValue":"6e15b1865d621e16adf0a6a031fd1e8e","name":"ResourceTable.h","path":"D:\\harmonyOs\\project\\heima_cloud_music\\entry\\build\\default\\generated\\r\\default\\ResourceTable.h","type":"file","isSymbolicLink":false,"fileMetaData":{"size":3116,"lastModifiedTime":1732721678758}}]},"D:\\harmonyOs\\project\\heima_cloud_music\\entry\\build\\default\\intermediates\\loader\\default":{"hashValue":"d213583d30afd7e2ccfb21c47a71ff03","name":"default","path":"D:\\harmonyOs\\project\\heima_cloud_music\\entry\\build\\default\\intermediates\\loader\\default","type":"directory","isSymbolicLink":false,"children":[{"hashValue":"ad10bb31fa5867a14d6e4c3c3aadc096","name":"loader.json","path":"D:\\harmonyOs\\project\\heima_cloud_music\\entry\\build\\default\\intermediates\\loader\\default\\loader.json","type":"file","isSymbolicLink":false,"fileMetaData":{"size":934,"lastModifiedTime":1732721662052}},{"hashValue":"88578504033d10ade89225d7317b462f","name":"widget_loader.json","path":"D:\\harmonyOs\\project\\heima_cloud_music\\entry\\build\\default\\intermediates\\loader\\default\\widget_loader.json","type":"file","isSymbolicLink":false,"fileMetaData":{"size":934,"lastModifiedTime":1732721662052}}]},"D:\\harmonyOs\\project\\heima_cloud_music\\entry\\build\\default\\intermediates\\res\\default\\resources\\rawfile":{"hashValue":"a416b08ea009c79cb90a4ec9aef73f32","name":"rawfile","path":"D:\\harmonyOs\\project\\heima_cloud_music\\entry\\build\\default\\intermediates\\res\\default\\resources\\rawfile","type":"directory","isSymbolicLink":false,"children":[{"hashValue":"3ab6b8102de09f29182ccef169c2c30a","name":"bgm1.mp3","path":"D:\\harmonyOs\\project\\heima_cloud_music\\entry\\build\\default\\intermediates\\res\\default\\resources\\rawfile\\bgm1.mp3","type":"file","isSymbolicLink":false,"fileMetaData":{"size":3617062,"lastModifiedTime":1732721549796}},{"hashValue":"4128d3f9231cd9b62b4008e61a6a63b3","name":"test.json","path":"D:\\harmonyOs\\project\\heima_cloud_music\\entry\\build\\default\\intermediates\\res\\default\\resources\\rawfile\\test.json","type":"file","isSymbolicLink":false,"fileMetaData":{"size":2600,"lastModifiedTime":1732721549798}}]},"D:\\harmonyOs\\project\\heima_cloud_music\\entry\\build\\default\\intermediates\\res\\default\\ResourceTable.txt":{"hashValue":"21829543c56170b1312e1a64c89a6d25","name":"ResourceTable.txt","path":"D:\\harmonyOs\\project\\heima_cloud_music\\entry\\build\\default\\intermediates\\res\\default\\ResourceTable.txt","type":"file","isSymbolicLink":false,"fileMetaData":{"size":1509,"lastModifiedTime":1732721678758}},"D:\\harmonyOs\\project\\heima_cloud_music\\entry\\build\\default\\intermediates\\res\\default\\module.json":{"hashValue":"35e5f4f2cde11784775ab4fc4cbe2be0","name":"module.json","path":"D:\\harmonyOs\\project\\heima_cloud_music\\entry\\build\\default\\intermediates\\res\\default\\module.json","type":"file","isSymbolicLink":false,"fileMetaData":{"size":2273,"lastModifiedTime":1732721678761}},"D:\\harmonyOs\\project\\heima_cloud_music\\entry\\build\\default\\intermediates\\res\\default\\resources\\base\\profile":{"hashValue":"f93766320c838854cd074a2c6a855136","name":"profile","path":"D:\\harmonyOs\\project\\heima_cloud_music\\entry\\build\\default\\intermediates\\res\\default\\resources\\base\\profile","type":"directory","isSymbolicLink":false,"children":[{"hashValue":"4104cbd4f8ff726ce667b0074eace9a5","name":"form_config.json","path":"D:\\harmonyOs\\project\\heima_cloud_music\\entry\\build\\default\\intermediates\\res\\default\\resources\\base\\profile\\form_config.json","type":"file","isSymbolicLink":false,"fileMetaData":{"size":478,"lastModifiedTime":1732721678758}},{"hashValue":"9a5cfb683c4f4a5afc325b4b82012227","name":"main_pages.json","path":"D:\\harmonyOs\\project\\heima_cloud_music\\entry\\build\\default\\intermediates\\res\\default\\resources\\base\\profile\\main_pages.json","type":"file","isSymbolicLink":false,"fileMetaData":{"size":238,"lastModifiedTime":1732721549777}}]},"D:\\harmonyOs\\project\\heima_cloud_music\\entry\\src\\main\\ets":{"hashValue":"d1236266992f9db3f78e8ba47f4d8201","name":"ets","path":"D:\\harmonyOs\\project\\heima_cloud_music\\entry\\src\\main\\ets","type":"directory","isSymbolicLink":false,"children":[{"hashValue":"dec18eb498178c073cae94d21a5269d4","name":"components","path":"D:\\harmonyOs\\project\\heima_cloud_music\\entry\\src\\main\\ets\\components","type":"directory","isSymbolicLink":false,"children":[{"hashValue":"dd3906d67c834f92b884f6daef6adb95","name":"playerNav.ets","path":"D:\\harmonyOs\\project\\heima_cloud_music\\entry\\src\\main\\ets\\components\\playerNav.ets","type":"file","isSymbolicLink":false,"fileMetaData":{"size":1811,"lastModifiedTime":1732721549755}}]},{"hashValue":"f2764f902b92f33aaea3b5039fb401b9","name":"constants","path":"D:\\harmonyOs\\project\\heima_cloud_music\\entry\\src\\main\\ets\\constants","type":"directory","isSymbolicLink":false,"children":[{"hashValue":"b42eadd45b6f13256fab460048f02c61","name":"index.ets","path":"D:\\harmonyOs\\project\\heima_cloud_music\\entry\\src\\main\\ets\\constants\\index.ets","type":"file","isSymbolicLink":false,"fileMetaData":{"size":76,"lastModifiedTime":1732721549755}},{"hashValue":"bbef2160fb3ce2b0c25e2665f61dcdb0","name":"MusicConstants.ets","path":"D:\\harmonyOs\\project\\heima_cloud_music\\entry\\src\\main\\ets\\constants\\MusicConstants.ets","type":"file","isSymbolicLink":false,"fileMetaData":{"size":13088,"lastModifiedTime":1732721549755}}]},{"hashValue":"9d24e57593663c3cdc30b0cf233a3a19","name":"entryability","path":"D:\\harmonyOs\\project\\heima_cloud_music\\entry\\src\\main\\ets\\entryability","type":"directory","isSymbolicLink":false,"children":[{"hashValue":"2ef63a72e65eec2e714b29e03c420aa4","name":"EntryAbility.ets","path":"D:\\harmonyOs\\project\\heima_cloud_music\\entry\\src\\main\\ets\\entryability\\EntryAbility.ets","type":"file","isSymbolicLink":false,"fileMetaData":{"size":3788,"lastModifiedTime":1732721549756}}]},{"hashValue":"02a8399529457f5579915a41654ae4e4","name":"entryformability","path":"D:\\harmonyOs\\project\\heima_cloud_music\\entry\\src\\main\\ets\\entryformability","type":"directory","isSymbolicLink":false,"children":[{"hashValue":"0177101daf2f33de4ad3d679005f682e","name":"EntryFormAbility.ets","path":"D:\\harmonyOs\\project\\heima_cloud_music\\entry\\src\\main\\ets\\entryformability\\EntryFormAbility.ets","type":"file","isSymbolicLink":false,"fileMetaData":{"size":1340,"lastModifiedTime":1732721549756}}]},{"hashValue":"8f046576153f12203e580618a93242bd","name":"models","path":"D:\\harmonyOs\\project\\heima_cloud_music\\entry\\src\\main\\ets\\models","type":"directory","isSymbolicLink":false,"children":[{"hashValue":"330cddddecebf39ad9a9cd214230297b","name":"index.ets","path":"D:\\harmonyOs\\project\\heima_cloud_music\\entry\\src\\main\\ets\\models\\index.ets","type":"file","isSymbolicLink":false,"fileMetaData":{"size":138,"lastModifiedTime":1732721549756}},{"hashValue":"c6afa427c19beeafd779f6cdacea71a9","name":"music.ets","path":"D:\\harmonyOs\\project\\heima_cloud_music\\entry\\src\\main\\ets\\models\\music.ets","type":"file","isSymbolicLink":false,"fileMetaData":{"size":2405,"lastModifiedTime":1732721549757}},{"hashValue":"ae582a39a527b36909fd16ab27f96dc7","name":"playState.ets","path":"D:\\harmonyOs\\project\\heima_cloud_music\\entry\\src\\main\\ets\\models\\playState.ets","type":"file","isSymbolicLink":false,"fileMetaData":{"size":623,"lastModifiedTime":1732721549757}}]},{"hashValue":"395b95ffc44a5b9f08f822b4ccec93d5","name":"pages","path":"D:\\harmonyOs\\project\\heima_cloud_music\\entry\\src\\main\\ets\\pages","type":"directory","isSymbolicLink":false,"children":[{"hashValue":"e7a8bc345287a46e8f951cbf12febc15","name":"Find","path":"D:\\harmonyOs\\project\\heima_cloud_music\\entry\\src\\main\\ets\\pages\\Find","type":"directory","isSymbolicLink":false,"children":[{"hashValue":"102c3ea333168239298d69f2d7eb55ac","name":"Find.ets","path":"D:\\harmonyOs\\project\\heima_cloud_music\\entry\\src\\main\\ets\\pages\\Find\\Find.ets","type":"file","isSymbolicLink":false,"fileMetaData":{"size":2366,"lastModifiedTime":1732721549757}}]},{"hashValue":"5a68551c57b79b734996483975587984","name":"Index","path":"D:\\harmonyOs\\project\\heima_cloud_music\\entry\\src\\main\\ets\\pages\\Index","type":"directory","isSymbolicLink":false,"children":[{"hashValue":"f58ed31fa1d81a4b4941e5e54c4c1777","name":"Index.ets","path":"D:\\harmonyOs\\project\\heima_cloud_music\\entry\\src\\main\\ets\\pages\\Index\\Index.ets","type":"file","isSymbolicLink":false,"fileMetaData":{"size":2998,"lastModifiedTime":1732721659581}}]},{"hashValue":"2932c2e3543457eb4ee88bc1d9bca6ad","name":"Mine","path":"D:\\harmonyOs\\project\\heima_cloud_music\\entry\\src\\main\\ets\\pages\\Mine","type":"directory","isSymbolicLink":false,"children":[{"hashValue":"c3efbd96c80ce816987717d5bdd0c615","name":"Mine.ets","path":"D:\\harmonyOs\\project\\heima_cloud_music\\entry\\src\\main\\ets\\pages\\Mine\\Mine.ets","type":"file","isSymbolicLink":false,"fileMetaData":{"size":3918,"lastModifiedTime":1732721549758}}]},{"hashValue":"349e03c1cb714ea5d0f133b81fe98390","name":"Moment","path":"D:\\harmonyOs\\project\\heima_cloud_music\\entry\\src\\main\\ets\\pages\\Moment","type":"directory","isSymbolicLink":false,"children":[{"hashValue":"d5d50a06bf42655303056e85dcad415d","name":"Moment.ets","path":"D:\\harmonyOs\\project\\heima_cloud_music\\entry\\src\\main\\ets\\pages\\Moment\\Moment.ets","type":"file","isSymbolicLink":false,"fileMetaData":{"size":4148,"lastModifiedTime":1732721549758}}]},{"hashValue":"c301b3619bf4756faf4a73f4ff0bf129","name":"Play","path":"D:\\harmonyOs\\project\\heima_cloud_music\\entry\\src\\main\\ets\\pages\\Play","type":"directory","isSymbolicLink":false,"children":[{"hashValue":"7bdc4ba7d21a832ee78e4d1be1a96a32","name":"Play.ets","path":"D:\\harmonyOs\\project\\heima_cloud_music\\entry\\src\\main\\ets\\pages\\Play\\Play.ets","type":"file","isSymbolicLink":false,"fileMetaData":{"size":14565,"lastModifiedTime":1732721549758}}]},{"hashValue":"9032938a8514180f4dfd0a81c3fc075b","name":"Recommend","path":"D:\\harmonyOs\\project\\heima_cloud_music\\entry\\src\\main\\ets\\pages\\Recommend","type":"directory","isSymbolicLink":false,"children":[{"hashValue":"7c6dec055d7955b0795b4055316ea2b5","name":"Recommend.ets","path":"D:\\harmonyOs\\project\\heima_cloud_music\\entry\\src\\main\\ets\\pages\\Recommend\\Recommend.ets","type":"file","isSymbolicLink":false,"fileMetaData":{"size":4924,"lastModifiedTime":1732721549758}}]},{"hashValue":"910dfd22c32a95235fe0280f629da206","name":"SongList","path":"D:\\harmonyOs\\project\\heima_cloud_music\\entry\\src\\main\\ets\\pages\\SongList","type":"directory","isSymbolicLink":false,"children":[{"hashValue":"279ba04124933e4176f7e3b1fad94c6a","name":"SongList.ets","path":"D:\\harmonyOs\\project\\heima_cloud_music\\entry\\src\\main\\ets\\pages\\SongList\\SongList.ets","type":"file","isSymbolicLink":false,"fileMetaData":{"size":6975,"lastModifiedTime":1732721549759}}]},{"hashValue":"31c8a2fd0982e47c2ac6dc77524748f9","name":"Start","path":"D:\\harmonyOs\\project\\heima_cloud_music\\entry\\src\\main\\ets\\pages\\Start","type":"directory","isSymbolicLink":false,"children":[{"hashValue":"563c034e6d33f034a29b68ab0d855ca7","name":"Start.ets","path":"D:\\harmonyOs\\project\\heima_cloud_music\\entry\\src\\main\\ets\\pages\\Start\\Start.ets","type":"file","isSymbolicLink":false,"fileMetaData":{"size":1064,"lastModifiedTime":1732721641938}}]}]},{"hashValue":"b458fe80c75e527071ad4d5ff955118e","name":"utils","path":"D:\\harmonyOs\\project\\heima_cloud_music\\entry\\src\\main\\ets\\utils","type":"directory","isSymbolicLink":false,"children":[{"hashValue":"26241c7165cfbb0778122f075c9cac9f","name":"AvPlayerManager.ets","path":"D:\\harmonyOs\\project\\heima_cloud_music\\entry\\src\\main\\ets\\utils\\AvPlayerManager.ets","type":"file","isSymbolicLink":false,"fileMetaData":{"size":10577,"lastModifiedTime":1737383279046}},{"hashValue":"1581e23394b00d0bbc096e5278fb1b05","name":"AvSessionManager.ets","path":"D:\\harmonyOs\\project\\heima_cloud_music\\entry\\src\\main\\ets\\utils\\AvSessionManager.ets","type":"file","isSymbolicLink":false,"fileMetaData":{"size":2167,"lastModifiedTime":1737383234539}},{"hashValue":"9069a5f804c921b2f7fdf45c4f56c450","name":"FormIdManager.ets","path":"D:\\harmonyOs\\project\\heima_cloud_music\\entry\\src\\main\\ets\\utils\\FormIdManager.ets","type":"file","isSymbolicLink":false,"fileMetaData":{"size":1145,"lastModifiedTime":1732721549760}},{"hashValue":"709252aff9c9b2f69aaad25cea33e8c7","name":"ImageSave.ets","path":"D:\\harmonyOs\\project\\heima_cloud_music\\entry\\src\\main\\ets\\utils\\ImageSave.ets","type":"file","isSymbolicLink":false,"fileMetaData":{"size":1088,"lastModifiedTime":1732721549762}},{"hashValue":"190c79ffa58ca3e76f121f4e302ce4aa","name":"SongManager.ets","path":"D:\\harmonyOs\\project\\heima_cloud_music\\entry\\src\\main\\ets\\utils\\SongManager.ets","type":"file","isSymbolicLink":false,"fileMetaData":{"size":732,"lastModifiedTime":1732721549762}}]},{"hashValue":"ace8232ba0e9fa760d2fc0c6428cd603","name":"widget","path":"D:\\harmonyOs\\project\\heima_cloud_music\\entry\\src\\main\\ets\\widget","type":"directory","isSymbolicLink":false,"children":[{"hashValue":"a5ebcf4ab299b30830397c632d74e8ea","name":"pages","path":"D:\\harmonyOs\\project\\heima_cloud_music\\entry\\src\\main\\ets\\widget\\pages","type":"directory","isSymbolicLink":false,"children":[{"hashValue":"c36c396297f22d13b94f3015e0f56ad6","name":"WidgetCard.ets","path":"D:\\harmonyOs\\project\\heima_cloud_music\\entry\\src\\main\\ets\\widget\\pages\\WidgetCard.ets","type":"file","isSymbolicLink":false,"fileMetaData":{"size":3972,"lastModifiedTime":1732721549763}}]}]}]},"D:\\harmonyOs\\project\\heima_cloud_music\\entry\\build\\default\\intermediates\\loader_out\\default\\ets":{"hashValue":"a14004c56a326d51fd1cc05e359cd34d","name":"ets","path":"D:\\harmonyOs\\project\\heima_cloud_music\\entry\\build\\default\\intermediates\\loader_out\\default\\ets","type":"directory","isSymbolicLink":false,"children":[{"hashValue":"88974c974dfca5ad9f378359c02263f7","name":"modules.abc","path":"D:\\harmonyOs\\project\\heima_cloud_music\\entry\\build\\default\\intermediates\\loader_out\\default\\ets\\modules.abc","type":"file","isSymbolicLink":false,"fileMetaData":{"size":249380,"lastModifiedTime":1737383282875}},{"hashValue":"db6236039ce169805bc2f0d64d96222e","name":"sourceMaps.map","path":"D:\\harmonyOs\\project\\heima_cloud_music\\entry\\build\\default\\intermediates\\loader_out\\default\\ets\\sourceMaps.map","type":"file","isSymbolicLink":false,"fileMetaData":{"size":75862,"lastModifiedTime":1737383282619}},{"hashValue":"9a6151ee0a6a01f0f1e29d877971c622","name":"widget","path":"D:\\harmonyOs\\project\\heima_cloud_music\\entry\\build\\default\\intermediates\\loader_out\\default\\ets\\widget","type":"directory","isSymbolicLink":false,"children":[{"hashValue":"7b6b42c1cc80a924ac757a932da94008","name":"component_collection.json","path":"D:\\harmonyOs\\project\\heima_cloud_music\\entry\\build\\default\\intermediates\\loader_out\\default\\ets\\widget\\component_collection.json","type":"file","isSymbolicLink":false,"fileMetaData":{"size":116,"lastModifiedTime":1737383281876}}]},{"hashValue":"65fe7b4083f84c1b87de247efcfec294","name":"widgets.abc","path":"D:\\harmonyOs\\project\\heima_cloud_music\\entry\\build\\default\\intermediates\\loader_out\\default\\ets\\widgets.abc","type":"file","isSymbolicLink":false,"fileMetaData":{"size":16580,"lastModifiedTime":1737383282102}}]},"D:\\harmonyOs\\project\\heima_cloud_music\\entry\\build\\default\\intermediates\\stripped_native_libs\\default":{"hashValue":"","name":"default","path":"D:\\harmonyOs\\project\\heima_cloud_music\\entry\\build\\default\\intermediates\\stripped_native_libs\\default","type":"directory","isSymbolicLink":false,"children":[]},"D:\\harmonyOs\\project\\heima_cloud_music\\entry\\build\\default\\intermediates\\patch\\default\\base_native_libs.json":{"hashValue":"28a3f05f59af1dfca0b3a8822ef6fe5a","name":"base_native_libs.json","path":"D:\\harmonyOs\\project\\heima_cloud_music\\entry\\build\\default\\intermediates\\patch\\default\\base_native_libs.json","type":"file","isSymbolicLink":false,"fileMetaData":{"size":25,"lastModifiedTime":1732721597539}},"D:\\harmonyOs\\project\\heima_cloud_music\\entry\\build\\default\\intermediates\\package\\default\\module.json":{"hashValue":"35e5f4f2cde11784775ab4fc4cbe2be0","name":"module.json","path":"D:\\harmonyOs\\project\\heima_cloud_music\\entry\\build\\default\\intermediates\\package\\default\\module.json","type":"file","isSymbolicLink":false,"fileMetaData":{"size":2273,"lastModifiedTime":1732721678761}},"D:\\harmonyOs\\project\\heima_cloud_music\\entry\\build\\default\\intermediates\\res\\default\\resources":{"hashValue":"f2b045b916e56db13d171dae00bdf08c","name":"resources","path":"D:\\harmonyOs\\project\\heima_cloud_music\\entry\\build\\default\\intermediates\\res\\default\\resources","type":"directory","isSymbolicLink":false,"children":[{"hashValue":"2a5e3d5c08bd1e3c93ae6d065812afa1","name":"base","path":"D:\\harmonyOs\\project\\heima_cloud_music\\entry\\build\\default\\intermediates\\res\\default\\resources\\base","type":"directory","isSymbolicLink":false,"children":[{"hashValue":"1f12d7640688e6923c097568bee0b188","name":"media","path":"D:\\harmonyOs\\project\\heima_cloud_music\\entry\\build\\default\\intermediates\\res\\default\\resources\\base\\media","type":"directory","isSymbolicLink":false,"children":[{"hashValue":"d58cda6c06f2206185761b68a198c0b7","name":"ad.jpg","path":"D:\\harmonyOs\\project\\heima_cloud_music\\entry\\build\\default\\intermediates\\res\\default\\resources\\base\\media\\ad.jpg","type":"file","isSymbolicLink":false,"fileMetaData":{"size":1188645,"lastModifiedTime":1732721549768}},{"hashValue":"e7bb4a082ef79e70b89cb395e2840bca","name":"ic_auto.svg","path":"D:\\harmonyOs\\project\\heima_cloud_music\\entry\\build\\default\\intermediates\\res\\default\\resources\\base\\media\\ic_auto.svg","type":"file","isSymbolicLink":false,"fileMetaData":{"size":1743,"lastModifiedTime":1732721549768}},{"hashValue":"54416c9b93cc0b927b424053b58332d0","name":"ic_bells_o.svg","path":"D:\\harmonyOs\\project\\heima_cloud_music\\entry\\build\\default\\intermediates\\res\\default\\resources\\base\\media\\ic_bells_o.svg","type":"file","isSymbolicLink":false,"fileMetaData":{"size":16153,"lastModifiedTime":1732721549768}},{"hashValue":"52391f02b863327e0047df3781896bd9","name":"ic_boy.svg","path":"D:\\harmonyOs\\project\\heima_cloud_music\\entry\\build\\default\\intermediates\\res\\default\\resources\\base\\media\\ic_boy.svg","type":"file","isSymbolicLink":false,"fileMetaData":{"size":3876,"lastModifiedTime":1732721549768}},{"hashValue":"48195501b8a3321480524e7cfacbbdff","name":"ic_cd.png","path":"D:\\harmonyOs\\project\\heima_cloud_music\\entry\\build\\default\\intermediates\\res\\default\\resources\\base\\media\\ic_cd.png","type":"file","isSymbolicLink":false,"fileMetaData":{"size":26788,"lastModifiedTime":1732721549769}},{"hashValue":"84fe685f3b65f6f0fce7e39173fe20f4","name":"ic_close.svg","path":"D:\\harmonyOs\\project\\heima_cloud_music\\entry\\build\\default\\intermediates\\res\\default\\resources\\base\\media\\ic_close.svg","type":"file","isSymbolicLink":false,"fileMetaData":{"size":518,"lastModifiedTime":1732721549769}},{"hashValue":"e176e2226d2d3a8bac652c81ba0a9ade","name":"ic_code.svg","path":"D:\\harmonyOs\\project\\heima_cloud_music\\entry\\build\\default\\intermediates\\res\\default\\resources\\base\\media\\ic_code.svg","type":"file","isSymbolicLink":false,"fileMetaData":{"size":3267,"lastModifiedTime":1732721549769}},{"hashValue":"09189bb04ac51eb6f2b94091df03e569","name":"ic_collect.svg","path":"D:\\harmonyOs\\project\\heima_cloud_music\\entry\\build\\default\\intermediates\\res\\default\\resources\\base\\media\\ic_collect.svg","type":"file","isSymbolicLink":false,"fileMetaData":{"size":1271,"lastModifiedTime":1732721549769}},{"hashValue":"d4955869f8296b57ee68603c5769c61b","name":"ic_comment_o.svg","path":"D:\\harmonyOs\\project\\heima_cloud_music\\entry\\build\\default\\intermediates\\res\\default\\resources\\base\\media\\ic_comment_o.svg","type":"file","isSymbolicLink":false,"fileMetaData":{"size":2875,"lastModifiedTime":1732721549770}},{"hashValue":"1e7bc905c00ae40b850278abd1e3d7e1","name":"ic_comment.svg","path":"D:\\harmonyOs\\project\\heima_cloud_music\\entry\\build\\default\\intermediates\\res\\default\\resources\\base\\media\\ic_comment.svg","type":"file","isSymbolicLink":false,"fileMetaData":{"size":1019,"lastModifiedTime":1732721549770}},{"hashValue":"d2205b1c2adb4a2454d298e418e55f5e","name":"ic_download_o.svg","path":"D:\\harmonyOs\\project\\heima_cloud_music\\entry\\build\\default\\intermediates\\res\\default\\resources\\base\\media\\ic_download_o.svg","type":"file","isSymbolicLink":false,"fileMetaData":{"size":1607,"lastModifiedTime":1732721549770}},{"hashValue":"8454a9d1b39b58ce22028a1a57164cb9","name":"ic_favorite.svg","path":"D:\\harmonyOs\\project\\heima_cloud_music\\entry\\build\\default\\intermediates\\res\\default\\resources\\base\\media\\ic_favorite.svg","type":"file","isSymbolicLink":false,"fileMetaData":{"size":4953,"lastModifiedTime":1732721549770}},{"hashValue":"6f0303f5fe7b1bcdf9f4c383608285a3","name":"ic_find.svg","path":"D:\\harmonyOs\\project\\heima_cloud_music\\entry\\build\\default\\intermediates\\res\\default\\resources\\base\\media\\ic_find.svg","type":"file","isSymbolicLink":false,"fileMetaData":{"size":2655,"lastModifiedTime":1732721549770}},{"hashValue":"2a3a105df1fcb245e6e1fbbfbd802785","name":"ic_like.svg","path":"D:\\harmonyOs\\project\\heima_cloud_music\\entry\\build\\default\\intermediates\\res\\default\\resources\\base\\media\\ic_like.svg","type":"file","isSymbolicLink":false,"fileMetaData":{"size":1900,"lastModifiedTime":1732721549770}},{"hashValue":"12df42268e02d9281410ed35d80bb18a","name":"ic_logo.svg","path":"D:\\harmonyOs\\project\\heima_cloud_music\\entry\\build\\default\\intermediates\\res\\default\\resources\\base\\media\\ic_logo.svg","type":"file","isSymbolicLink":false,"fileMetaData":{"size":1899,"lastModifiedTime":1732721549772}},{"hashValue":"4c24dad056611ee20067f0db1410e130","name":"ic_mine.svg","path":"D:\\harmonyOs\\project\\heima_cloud_music\\entry\\build\\default\\intermediates\\res\\default\\resources\\base\\media\\ic_mine.svg","type":"file","isSymbolicLink":false,"fileMetaData":{"size":1496,"lastModifiedTime":1732721549772}},{"hashValue":"45a2690c7c8994e6d3618b349794c1e3","name":"ic_moment.svg","path":"D:\\harmonyOs\\project\\heima_cloud_music\\entry\\build\\default\\intermediates\\res\\default\\resources\\base\\media\\ic_moment.svg","type":"file","isSymbolicLink":false,"fileMetaData":{"size":1589,"lastModifiedTime":1732721549772}},{"hashValue":"eb032070401da67e00ab2696e36d2a7f","name":"ic_more.svg","path":"D:\\harmonyOs\\project\\heima_cloud_music\\entry\\build\\default\\intermediates\\res\\default\\resources\\base\\media\\ic_more.svg","type":"file","isSymbolicLink":false,"fileMetaData":{"size":646,"lastModifiedTime":1732721549772}},{"hashValue":"ade40706aedd136b7774581da6682678","name":"ic_next.svg","path":"D:\\harmonyOs\\project\\heima_cloud_music\\entry\\build\\default\\intermediates\\res\\default\\resources\\base\\media\\ic_next.svg","type":"file","isSymbolicLink":false,"fileMetaData":{"size":894,"lastModifiedTime":1732721549772}},{"hashValue":"0f4ada14aa87beaabd5cb4ed7f83bcfd","name":"ic_paused.svg","path":"D:\\harmonyOs\\project\\heima_cloud_music\\entry\\build\\default\\intermediates\\res\\default\\resources\\base\\media\\ic_paused.svg","type":"file","isSymbolicLink":false,"fileMetaData":{"size":591,"lastModifiedTime":1732721549773}},{"hashValue":"a078557054cd31a2c7ece3d18e19275d","name":"ic_play.svg","path":"D:\\harmonyOs\\project\\heima_cloud_music\\entry\\build\\default\\intermediates\\res\\default\\resources\\base\\media\\ic_play.svg","type":"file","isSymbolicLink":false,"fileMetaData":{"size":761,"lastModifiedTime":1732721549773}},{"hashValue":"3501cff24c678c22c67128921e3f4904","name":"ic_playing.gif","path":"D:\\harmonyOs\\project\\heima_cloud_music\\entry\\build\\default\\intermediates\\res\\default\\resources\\base\\media\\ic_playing.gif","type":"file","isSymbolicLink":false,"fileMetaData":{"size":67317,"lastModifiedTime":1732721549773}},{"hashValue":"66d93582b3dfb2c84b90bee1b5b73008","name":"ic_prev.svg","path":"D:\\harmonyOs\\project\\heima_cloud_music\\entry\\build\\default\\intermediates\\res\\default\\resources\\base\\media\\ic_prev.svg","type":"file","isSymbolicLink":false,"fileMetaData":{"size":893,"lastModifiedTime":1732721549773}},{"hashValue":"b26cab40dc7854d0949a13c192b9cd53","name":"ic_random.svg","path":"D:\\harmonyOs\\project\\heima_cloud_music\\entry\\build\\default\\intermediates\\res\\default\\resources\\base\\media\\ic_random.svg","type":"file","isSymbolicLink":false,"fileMetaData":{"size":1514,"lastModifiedTime":1732721549774}},{"hashValue":"186b455576e19b15ff0c187d35b376d0","name":"ic_recommend.svg","path":"D:\\harmonyOs\\project\\heima_cloud_music\\entry\\build\\default\\intermediates\\res\\default\\resources\\base\\media\\ic_recommend.svg","type":"file","isSymbolicLink":false,"fileMetaData":{"size":2520,"lastModifiedTime":1732721549774}},{"hashValue":"f8b7d0c79b2018a08f077620cdfa9d40","name":"ic_repeat.svg","path":"D:\\harmonyOs\\project\\heima_cloud_music\\entry\\build\\default\\intermediates\\res\\default\\resources\\base\\media\\ic_repeat.svg","type":"file","isSymbolicLink":false,"fileMetaData":{"size":1314,"lastModifiedTime":1732721549775}},{"hashValue":"4dddab35fe447b4bbb2732ae5e0af12b","name":"ic_search.svg","path":"D:\\harmonyOs\\project\\heima_cloud_music\\entry\\build\\default\\intermediates\\res\\default\\resources\\base\\media\\ic_search.svg","type":"file","isSymbolicLink":false,"fileMetaData":{"size":1816,"lastModifiedTime":1732721549775}},{"hashValue":"9f89063d29f68d29190e834e0ae233da","name":"ic_share.svg","path":"D:\\harmonyOs\\project\\heima_cloud_music\\entry\\build\\default\\intermediates\\res\\default\\resources\\base\\media\\ic_share.svg","type":"file","isSymbolicLink":false,"fileMetaData":{"size":981,"lastModifiedTime":1732721549775}},{"hashValue":"eb1a6022cd74753dba420e15f827017f","name":"ic_sing.svg","path":"D:\\harmonyOs\\project\\heima_cloud_music\\entry\\build\\default\\intermediates\\res\\default\\resources\\base\\media\\ic_sing.svg","type":"file","isSymbolicLink":false,"fileMetaData":{"size":1320,"lastModifiedTime":1732721549775}},{"hashValue":"c96e559d51f907807fe479cac17cae74","name":"ic_single_play.svg","path":"D:\\harmonyOs\\project\\heima_cloud_music\\entry\\build\\default\\intermediates\\res\\default\\resources\\base\\media\\ic_single_play.svg","type":"file","isSymbolicLink":false,"fileMetaData":{"size":1741,"lastModifiedTime":1732721549775}},{"hashValue":"8b2b168ad6090e5cdbbcfce9ed777c70","name":"ic_song_list.svg","path":"D:\\harmonyOs\\project\\heima_cloud_music\\entry\\build\\default\\intermediates\\res\\default\\resources\\base\\media\\ic_song_list.svg","type":"file","isSymbolicLink":false,"fileMetaData":{"size":1267,"lastModifiedTime":1732721549775}},{"hashValue":"bacce359b13333c55a96959bcc8419a2","name":"ic_stylus.png","path":"D:\\harmonyOs\\project\\heima_cloud_music\\entry\\build\\default\\intermediates\\res\\default\\resources\\base\\media\\ic_stylus.png","type":"file","isSymbolicLink":false,"fileMetaData":{"size":55484,"lastModifiedTime":1732721549775}},{"hashValue":"c40f9b1fe17b596933829227dc5a130d","name":"ic_vip.png","path":"D:\\harmonyOs\\project\\heima_cloud_music\\entry\\build\\default\\intermediates\\res\\default\\resources\\base\\media\\ic_vip.png","type":"file","isSymbolicLink":false,"fileMetaData":{"size":5791,"lastModifiedTime":1732721549775}},{"hashValue":"209e34b1b6cc490f2ae1178a561fe9d7","name":"icon.png","path":"D:\\harmonyOs\\project\\heima_cloud_music\\entry\\build\\default\\intermediates\\res\\default\\resources\\base\\media\\icon.png","type":"file","isSymbolicLink":false,"fileMetaData":{"size":6790,"lastModifiedTime":1732721549776}},{"hashValue":"8e6bc4230b4b334c33d87a2be2db2c2f","name":"logo.png","path":"D:\\harmonyOs\\project\\heima_cloud_music\\entry\\build\\default\\intermediates\\res\\default\\resources\\base\\media\\logo.png","type":"file","isSymbolicLink":false,"fileMetaData":{"size":26320,"lastModifiedTime":1732721549655}},{"hashValue":"b7b551ed198516ad3876e1ebe290d9e8","name":"startIcon.png","path":"D:\\harmonyOs\\project\\heima_cloud_music\\entry\\build\\default\\intermediates\\res\\default\\resources\\base\\media\\startIcon.png","type":"file","isSymbolicLink":false,"fileMetaData":{"size":4351,"lastModifiedTime":1732721549776}}]},{"hashValue":"f93766320c838854cd074a2c6a855136","name":"profile","path":"D:\\harmonyOs\\project\\heima_cloud_music\\entry\\build\\default\\intermediates\\res\\default\\resources\\base\\profile","type":"directory","isSymbolicLink":false,"children":[{"hashValue":"4104cbd4f8ff726ce667b0074eace9a5","name":"form_config.json","path":"D:\\harmonyOs\\project\\heima_cloud_music\\entry\\build\\default\\intermediates\\res\\default\\resources\\base\\profile\\form_config.json","type":"file","isSymbolicLink":false,"fileMetaData":{"size":478,"lastModifiedTime":1732721678758}},{"hashValue":"9a5cfb683c4f4a5afc325b4b82012227","name":"main_pages.json","path":"D:\\harmonyOs\\project\\heima_cloud_music\\entry\\build\\default\\intermediates\\res\\default\\resources\\base\\profile\\main_pages.json","type":"file","isSymbolicLink":false,"fileMetaData":{"size":238,"lastModifiedTime":1732721549777}}]}]},{"hashValue":"a416b08ea009c79cb90a4ec9aef73f32","name":"rawfile","path":"D:\\harmonyOs\\project\\heima_cloud_music\\entry\\build\\default\\intermediates\\res\\default\\resources\\rawfile","type":"directory","isSymbolicLink":false,"children":[{"hashValue":"3ab6b8102de09f29182ccef169c2c30a","name":"bgm1.mp3","path":"D:\\harmonyOs\\project\\heima_cloud_music\\entry\\build\\default\\intermediates\\res\\default\\resources\\rawfile\\bgm1.mp3","type":"file","isSymbolicLink":false,"fileMetaData":{"size":3617062,"lastModifiedTime":1732721549796}},{"hashValue":"4128d3f9231cd9b62b4008e61a6a63b3","name":"test.json","path":"D:\\harmonyOs\\project\\heima_cloud_music\\entry\\build\\default\\intermediates\\res\\default\\resources\\rawfile\\test.json","type":"file","isSymbolicLink":false,"fileMetaData":{"size":2600,"lastModifiedTime":1732721549798}}]}]},"D:\\harmonyOs\\project\\heima_cloud_music\\entry\\build\\default\\intermediates\\res\\default\\resources.index":{"hashValue":"997d454d2060bb4e566dd9a7f6edeeff","name":"resources.index","path":"D:\\harmonyOs\\project\\heima_cloud_music\\entry\\build\\default\\intermediates\\res\\default\\resources.index","type":"file","isSymbolicLink":false,"fileMetaData":{"size":4803,"lastModifiedTime":1732721678762}},"D:\\harmonyOs\\project\\heima_cloud_music\\entry\\build\\default\\outputs\\default\\entry-default-unsigned.hap":{"hashValue":"7cab83bab20cfefad3e7a34619d8766f","name":"entry-default-unsigned.hap","path":"D:\\harmonyOs\\project\\heima_cloud_music\\entry\\build\\default\\outputs\\default\\entry-default-unsigned.hap","type":"file","isSymbolicLink":false,"fileMetaData":{"size":5420610,"lastModifiedTime":1737383283673}},"D:\\harmonyOs\\project\\heima_cloud_music\\entry\\build\\default\\outputs\\default\\mapping\\sourceMaps.map":{"hashValue":"db6236039ce169805bc2f0d64d96222e","name":"sourceMaps.map","path":"D:\\harmonyOs\\project\\heima_cloud_music\\entry\\build\\default\\outputs\\default\\mapping\\sourceMaps.map","type":"file","isSymbolicLink":false,"fileMetaData":{"size":75862,"lastModifiedTime":1737383282619}},"D:\\harmonyOs\\project\\heima_cloud_music\\entry\\build\\default\\intermediates\\loader\\default\\pkgContextInfo.json":{"hashValue":"","name":"emptyroot","path":"","type":"unknown","isSymbolicLink":false,"children":[]},"D:\\harmonyOs\\project\\heima_cloud_music\\build\\cache\\default\\integrated_hsp\\integratedHspCache.json":{"hashValue":"","name":"emptyroot","path":"","type":"unknown","isSymbolicLink":false,"children":[]},"D:\\harmonyOs\\project\\heima_cloud_music\\entry\\build\\default\\intermediates\\syscap\\default\\rpcid.sc":{"hashValue":"","name":"emptyroot","path":"","type":"unknown","isSymbolicLink":false,"children":[]},"D:\\harmonyOs\\project\\heima_cloud_music\\entry\\build\\default\\intermediates\\loader_out\\default\\js":{"hashValue":"","name":"emptyroot","path":"","type":"unknown","isSymbolicLink":false,"children":[]},"D:\\harmonyOs\\project\\heima_cloud_music\\entry\\build\\default\\outputs\\default\\entry-default-signed.hap":{"hashValue":"","name":"emptyroot","path":"","type":"unknown","isSymbolicLink":false,"children":[]}}