{":heima_cloud_music:entry:default@PreBuild":{"_inputs":[{"dataType":"ValueEntry","value":"{\"_name\":\"./ets/widget/pages/WidgetCard.ets\",\"_value\":\"D:\\\\harmonyOs\\\\project\\\\heima_cloud_music\\\\entry\\\\src\\\\main\\\\ets\\\\widget\\\\pages\\\\WidgetCard.ets\",\"_valueType\":\"string\",\"_hash\":\"18a9a11000d9777fc1c270ae59ba0b12\"}"},{"dataType":"ValueEntry","value":"{\"_name\":\"BUILTIN_TASK_COMMAND\",\"_value\":\"\",\"_valueType\":\"string\",\"_hash\":\"0b5d05294fdf4e78e8482ef53eb64ac0\"}"},{"dataType":"ValueEntry","value":"{\"_name\":\"BUILTIN_TASK_ENV\",\"_value\":\"\",\"_valueType\":\"string\",\"_hash\":\"cdcdc2ec8062ca9ec1de46dbf2bbc053\"}"},{"dataType":"ValueEntry","value":"{\"_name\":\"BUILTIN_TASK_TOOLCHAIN\",\"_value\":\"\",\"_valueType\":\"string\",\"_hash\":\"e7f94a9422a8bc317a7d90b58efcb5f6\"}"},{"dataType":"ValueEntry","value":"{\"_name\":\"apiType\",\"_value\":\"stageMode\",\"_valueType\":\"string\",\"_hash\":\"699c7565645ea3ea8c88551a4926a3d5\"}"},{"dataType":"ValueEntry","value":"{\"_name\":\"byteCodeHar\",\"_value\":false,\"_valueType\":\"boolean\",\"_hash\":\"1918a3ccb645ccacd0aedd84fc6cf8a4\"}"},{"dataType":"ValueEntry","value":"{\"_name\":\"codeType\",\"_value\":true,\"_valueType\":\"boolean\",\"_hash\":\"d6dcf21a9f078b661283507536e57ce8\"}"},{"dataType":"ValueEntry","value":"{\"_name\":\"compatibleApiVersion\",\"_value\":11,\"_valueType\":\"number\",\"_hash\":\"93f5cd3d75ef7f4c00083401b682d592\"}"},{"dataType":"ValueEntry","value":"{\"_name\":\"compileApiVersion\",\"_value\":12,\"_valueType\":\"number\",\"_hash\":\"5bc55d1554c9b9f95bf3de5259c04c8b\"}"},{"dataType":"ValueEntry","value":"{\"_name\":\"configuration\",\"_value\":\"\",\"_valueType\":\"string\",\"_hash\":\"d12f0038691f8f34d654391bbcee2f8e\"}"},{"dataType":"ValueEntry","value":"{\"_name\":\"configurationFileJson\",\"_value\":\"\",\"_valueType\":\"string\",\"_hash\":\"2b55287f40f7e8896b21bab4028e156b\"}"},{"dataType":"ValueEntry","value":"{\"_name\":\"customTypes\",\"_value\":\"\",\"_valueType\":\"string\",\"_hash\":\"970a2695bffac1c5a4fa283dc36050e3\"}"},{"dataType":"ValueEntry","value":"{\"_name\":\"deviceType\",\"_value\":[\"phone\"],\"_valueType\":\"object\",\"_hash\":\"37e6ac899555898537e20cfb8a24f9e1\"}"},{"dataType":"ValueEntry","value":"{\"_name\":\"integrated_hsp\",\"_value\":false,\"_valueType\":\"boolean\",\"_hash\":\"2538281751f182d9123d2ab28efaf9be\"}"},{"dataType":"ValueEntry","value":"{\"_name\":\"isSupportOhpmProj\",\"_value\":true,\"_valueType\":\"boolean\",\"_hash\":\"f3a249d7e3f751316e931b8a08b074b4\"}"},{"dataType":"ValueEntry","value":"{\"_name\":\"mockConfigSources\",\"_value\":\"\",\"_valueType\":\"string\",\"_hash\":\"c489be8273867a50afbc86c53d938c92\"}"},{"dataType":"ValueEntry","value":"{\"_name\":\"moduleJsonOpt\",\"_value\":\"{\\\"jsonFilePath\\\":\\\"D:\\\\\\\\harmonyOs\\\\\\\\project\\\\\\\\heima_cloud_music\\\\\\\\entry\\\\\\\\src\\\\\\\\main\\\\\\\\module.json5\\\",\\\"profile\\\":{\\\"module\\\":{\\\"name\\\":\\\"entry\\\",\\\"type\\\":\\\"entry\\\",\\\"description\\\":\\\"$string:module_desc\\\",\\\"mainElement\\\":\\\"EntryAbility\\\",\\\"deviceTypes\\\":[\\\"phone\\\"],\\\"deliveryWithInstall\\\":true,\\\"installationFree\\\":false,\\\"pages\\\":\\\"$profile:main_pages\\\",\\\"requestPermissions\\\":[{\\\"name\\\":\\\"ohos.permission.INTERNET\\\"},{\\\"name\\\":\\\"ohos.permission.KEEP_BACKGROUND_RUNNING\\\"},{\\\"name\\\":\\\"ohos.permission.MICROPHONE\\\",\\\"reason\\\":\\\"$string:MICROPHONE_REASON\\\",\\\"usedScene\\\":{\\\"abilities\\\":[\\\"EntryAbility\\\"],\\\"when\\\":\\\"always\\\"}}],\\\"abilities\\\":[{\\\"name\\\":\\\"EntryAbility\\\",\\\"srcEntry\\\":\\\"./ets/entryability/EntryAbility.ets\\\",\\\"description\\\":\\\"$string:EntryAbility_desc\\\",\\\"icon\\\":\\\"$media:logo\\\",\\\"label\\\":\\\"$string:App_name\\\",\\\"startWindowIcon\\\":\\\"$media:logo\\\",\\\"startWindowBackground\\\":\\\"$color:start_window_background\\\",\\\"exported\\\":true,\\\"skills\\\":[{\\\"entities\\\":[\\\"entity.system.home\\\"],\\\"actions\\\":[\\\"action.system.home\\\"]}],\\\"backgroundModes\\\":[\\\"audioPlayback\\\"]}],\\\"extensionAbilities\\\":[{\\\"name\\\":\\\"EntryFormAbility\\\",\\\"srcEntry\\\":\\\"./ets/entryformability/EntryFormAbility.ets\\\",\\\"label\\\":\\\"$string:EntryFormAbility_label\\\",\\\"description\\\":\\\"$string:EntryFormAbility_desc\\\",\\\"type\\\":\\\"form\\\",\\\"metadata\\\":[{\\\"name\\\":\\\"ohos.extension.form\\\",\\\"resource\\\":\\\"$profile:form_config\\\"}]}]}},\\\"deviceTypes\\\":[\\\"phone\\\"],\\\"deviceConfig\\\":\\\"deviceTypes\\\",\\\"configurationProfile\\\":\\\"module.json5\\\"}\",\"_valueType\":\"string\",\"_hash\":\"b8a77dfdbabebd1d22d113f40438e031\"}"},{"dataType":"ValueEntry","value":"{\"_name\":\"profileModuleName\",\"_value\":\"entry\",\"_valueType\":\"string\",\"_hash\":\"b174ea6ff5824844dde5ad92f6b3ef2b\"}"},{"dataType":"ValueEntry","value":"{\"_name\":\"sdkToolchainsComponentVersion\",\"_value\":\"5.0.0.71\",\"_valueType\":\"string\",\"_hash\":\"119f7d6df90eed3eb0291221796337ff\"}"},{"dataType":"ValueEntry","value":"{\"_name\":\"sourceRoots\",\"_value\":true,\"_valueType\":\"boolean\",\"_hash\":\"a369c115d2c4122f3819759804ec9d35\"}"},{"dataType":"ValueEntry","value":"{\"_name\":\"targetStatusCode\",\"_value\":2,\"_valueType\":\"number\",\"_hash\":\"5a9255c0f4ee50904a9349ebafca8369\"}"},{"dataType":"ValueEntry","value":"{\"_name\":\"transformLib\",\"_value\":\"\",\"_valueType\":\"string\",\"_hash\":\"7d270d0ce7ae5c6e2e32760cb396ea5a\"}"},{"dataType":"ValueEntry","value":"{\"_name\":\"useNormalizedOHMUrl\",\"_value\":false,\"_valueType\":\"boolean\",\"_hash\":\"45c309ddef659bd1ca26b5b8988a1a78\"}"}],"_successful":true,"_projectName":"heima_cloud_music","_moduleName":"entry","_taskName":"default@PreBuild","_key":":heima_cloud_music:entry:default@PreBuild","_executionId":":heima_cloud_music:entry:default@PreBuild:1732721678172","_inputFiles":{"dataType":"Map","value":[["D:\\harmonyOs\\project\\heima_cloud_music\\AppScope\\app.json5",{"isDirectory":false,"fileSnapShotHashValue":"34aa642315a099409f5d3414c063a68c"}],["D:\\harmonyOs\\project\\heima_cloud_music\\entry\\src\\main\\module.json5",{"isDirectory":false,"fileSnapShotHashValue":"d504e5b2830f4c9fdce0c71fcfe1530c"}],["D:\\harmonyOs\\project\\heima_cloud_music\\entry\\src\\main\\resources\\base\\profile\\form_config.json",{"isDirectory":false,"fileSnapShotHashValue":"2836d9f476773fcccd75d3fda6c8a850"}],["D:\\harmonyOs\\project\\heima_cloud_music\\build-profile.json5",{"fileSnapShotHashValue":"95fb36702365f31355a800877682ee10"}],["D:\\harmonyOs\\project\\heima_cloud_music\\entry\\build-profile.json5",{"fileSnapShotHashValue":"abef54c075336c5073ef7ab2384cc195"}],["D:\\harmonyOs\\project\\heima_cloud_music\\entry\\src\\main\\resources\\base\\profile\\main_pages.json",{"fileSnapShotHashValue":"9a5cfb683c4f4a5afc325b4b82012227"}],["D:\\harmonyOs\\project\\heima_cloud_music\\hvigor\\hvigor-config.json5",{"isDirectory":true,"fileSnapShotHashValue":"eed5f66e59e7a9387fb20f0f9eb37f8b"}],["D:\\harmonyOs\\project\\heima_cloud_music\\entry\\src\\mock\\mock-config.json5",{"isDirectory":false,"fileSnapShotHashValue":"89ed204b7f158d42b492f15615745df8"}],["D:\\harmonyOs\\project\\heima_cloud_music\\entry\\oh-package.json5",{"fileSnapShotHashValue":"114d6d0e1f06643dca9682399bb90877"}]]},"_outputFiles":{"dataType":"Map","value":[]}},":heima_cloud_music:entry:default@GenerateMetadata":{"_inputs":[{"dataType":"ValueEntry","value":"{\"_name\":\"BUILTIN_TASK_COMMAND\",\"_value\":\"\",\"_valueType\":\"string\",\"_hash\":\"0b5d05294fdf4e78e8482ef53eb64ac0\"}"},{"dataType":"ValueEntry","value":"{\"_name\":\"BUILTIN_TASK_ENV\",\"_value\":\"\",\"_valueType\":\"string\",\"_hash\":\"cdcdc2ec8062ca9ec1de46dbf2bbc053\"}"},{"dataType":"ValueEntry","value":"{\"_name\":\"BUILTIN_TASK_TOOLCHAIN\",\"_value\":\"\",\"_valueType\":\"string\",\"_hash\":\"e7f94a9422a8bc317a7d90b58efcb5f6\"}"},{"dataType":"ValueEntry","value":"{\"_name\":\"enableSignTask\",\"_value\":true,\"_valueType\":\"boolean\",\"_hash\":\"910298825388ce24c00cb3c1aeb80caa\"}"},{"dataType":"ValueEntry","value":"{\"_name\":\"entryModules\",\"_value\":[],\"_valueType\":\"object\",\"_hash\":\"aea18c73616ef065de1f5734ffcfeacd\"}"},{"dataType":"ValueEntry","value":"{\"_name\":\"existSigningConfig\",\"_value\":false,\"_valueType\":\"boolean\",\"_hash\":\"1577ffedb088f641d0438ac50d5978d5\"}"},{"dataType":"ValueEntry","value":"{\"_name\":\"moduleDeviceType\",\"_value\":[\"phone\"],\"_valueType\":\"object\",\"_hash\":\"3f93975c15ec351ec6caae218df12d0f\"}"},{"dataType":"ValueEntry","value":"{\"_name\":\"product\",\"_value\":\"default\",\"_valueType\":\"string\",\"_hash\":\"c78efd675257060e500cc4a185c4a166\"}"},{"dataType":"ValueEntry","value":"{\"_name\":\"remoteHspMetaData\",\"_valueType\":\"undefined\",\"_hash\":\"55a9137298c1d5ff2e0dbb72f4577d79\"}"},{"dataType":"ValueEntry","value":"{\"_name\":\"sdkToolchainsComponentVersion\",\"_value\":\"5.0.0.71\",\"_valueType\":\"string\",\"_hash\":\"119f7d6df90eed3eb0291221796337ff\"}"},{"dataType":"ValueEntry","value":"{\"_name\":\"targetConfig\",\"_value\":\"{\\\"name\\\":\\\"default\\\"}\",\"_valueType\":\"string\",\"_hash\":\"44f0c01d44e2bbf4013c5bb1f232e1fe\"}"}],"_successful":true,"_projectName":"heima_cloud_music","_moduleName":"entry","_taskName":"default@GenerateMetadata","_key":":heima_cloud_music:entry:default@GenerateMetadata","_executionId":":heima_cloud_music:entry:default@GenerateMetadata:1732721678189","_inputFiles":{"dataType":"Map","value":[["D:\\harmonyOs\\project\\heima_cloud_music\\entry\\src\\main\\module.json5",{"fileSnapShotHashValue":"d504e5b2830f4c9fdce0c71fcfe1530c"}]]},"_outputFiles":{"dataType":"Map","value":[["D:\\harmonyOs\\project\\heima_cloud_music\\entry\\build\\default\\intermediates\\hap_metadata\\default\\output_metadata.json",{"fileSnapShotHashValue":"16af19cad8646ad9f344d6aea3565e45"}]]}},":heima_cloud_music:entry:default@MergeProfile":{"_inputs":[{"dataType":"ValueEntry","value":"{\"_name\":\"BUILTIN_TASK_COMMAND\",\"_value\":\"\",\"_valueType\":\"string\",\"_hash\":\"0b5d05294fdf4e78e8482ef53eb64ac0\"}"},{"dataType":"ValueEntry","value":"{\"_name\":\"BUILTIN_TASK_ENV\",\"_value\":\"\",\"_valueType\":\"string\",\"_hash\":\"cdcdc2ec8062ca9ec1de46dbf2bbc053\"}"},{"dataType":"ValueEntry","value":"{\"_name\":\"BUILTIN_TASK_TOOLCHAIN\",\"_value\":\"\",\"_valueType\":\"string\",\"_hash\":\"e7f94a9422a8bc317a7d90b58efcb5f6\"}"},{"dataType":"ValueEntry","value":"{\"_name\":\"appJsonOpt\",\"_value\":\"{\\\"app\\\":{\\\"bundleName\\\":\\\"com.example.heimacloudmusic\\\",\\\"vendor\\\":\\\"example\\\",\\\"versionCode\\\":1000000,\\\"versionName\\\":\\\"1.0.0\\\",\\\"icon\\\":\\\"$media:logo\\\",\\\"label\\\":\\\"$string:app_name\\\"}}\",\"_valueType\":\"string\",\"_hash\":\"a5f9ac4999d3bba754c978a97f8f4805\"}"},{"dataType":"ValueEntry","value":"{\"_name\":\"asanEnable\",\"_value\":false,\"_valueType\":\"boolean\",\"_hash\":\"bc2129ba20a21b7e5234139ede1b4d7b\"}"},{"dataType":"ValueEntry","value":"{\"_name\":\"buildProfileAbilities\",\"_valueType\":\"undefined\",\"_hash\":\"40d5093f345351dd6d67ce5d6a209345\"}"},{"dataType":"ValueEntry","value":"{\"_name\":\"buildRoot\",\"_value\":\"build\",\"_valueType\":\"string\",\"_hash\":\"4c2dd7bb7507f74001ec27f2936db7f9\"}"},{"dataType":"ValueEntry","value":"{\"_name\":\"compatibleSdkVersion\",\"_value\":11,\"_valueType\":\"number\",\"_hash\":\"0a9ae1c2a584e001c6822783c8cf9636\"}"},{"dataType":"ValueEntry","value":"{\"_name\":\"integratedHsp\",\"_value\":false,\"_valueType\":\"boolean\",\"_hash\":\"e67900c25b1f9fb70cc779de77dc6912\"}"},{"dataType":"ValueEntry","value":"{\"_name\":\"isBundledDependencies\",\"_value\":false,\"_valueType\":\"boolean\",\"_hash\":\"a69aa552317c7a6e087cb84a5722e050\"}"},{"dataType":"ValueEntry","value":"{\"_name\":\"isDebug\",\"_value\":true,\"_valueType\":\"boolean\",\"_hash\":\"edbf05a2d2be2c385e75d9565a48d419\"}"},{"dataType":"ValueEntry","value":"{\"_name\":\"isHarModule\",\"_value\":false,\"_valueType\":\"boolean\",\"_hash\":\"a15b7a3ed818faa99a4a10d67f52cb72\"}"},{"dataType":"ValueEntry","value":"{\"_name\":\"moduleJsonOpt\",\"_value\":\"{\\\"module\\\":{\\\"name\\\":\\\"entry\\\",\\\"type\\\":\\\"entry\\\",\\\"description\\\":\\\"$string:module_desc\\\",\\\"mainElement\\\":\\\"EntryAbility\\\",\\\"deviceTypes\\\":[\\\"phone\\\"],\\\"deliveryWithInstall\\\":true,\\\"installationFree\\\":false,\\\"pages\\\":\\\"$profile:main_pages\\\",\\\"requestPermissions\\\":[{\\\"name\\\":\\\"ohos.permission.INTERNET\\\"},{\\\"name\\\":\\\"ohos.permission.KEEP_BACKGROUND_RUNNING\\\"},{\\\"name\\\":\\\"ohos.permission.MICROPHONE\\\",\\\"reason\\\":\\\"$string:MICROPHONE_REASON\\\",\\\"usedScene\\\":{\\\"abilities\\\":[\\\"EntryAbility\\\"],\\\"when\\\":\\\"always\\\"}}],\\\"abilities\\\":[{\\\"name\\\":\\\"EntryAbility\\\",\\\"srcEntry\\\":\\\"./ets/entryability/EntryAbility.ets\\\",\\\"description\\\":\\\"$string:EntryAbility_desc\\\",\\\"icon\\\":\\\"$media:logo\\\",\\\"label\\\":\\\"$string:App_name\\\",\\\"startWindowIcon\\\":\\\"$media:logo\\\",\\\"startWindowBackground\\\":\\\"$color:start_window_background\\\",\\\"exported\\\":true,\\\"skills\\\":[{\\\"entities\\\":[\\\"entity.system.home\\\"],\\\"actions\\\":[\\\"action.system.home\\\"]}],\\\"backgroundModes\\\":[\\\"audioPlayback\\\"]}],\\\"extensionAbilities\\\":[{\\\"name\\\":\\\"EntryFormAbility\\\",\\\"srcEntry\\\":\\\"./ets/entryformability/EntryFormAbility.ets\\\",\\\"label\\\":\\\"$string:EntryFormAbility_label\\\",\\\"description\\\":\\\"$string:EntryFormAbility_desc\\\",\\\"type\\\":\\\"form\\\",\\\"metadata\\\":[{\\\"name\\\":\\\"ohos.extension.form\\\",\\\"resource\\\":\\\"$profile:form_config\\\"}]}]}}\",\"_valueType\":\"string\",\"_hash\":\"3507f764fe7b0f7a0a3faadcb06794e5\"}"},{"dataType":"ValueEntry","value":"{\"_name\":\"multiProjects\",\"_value\":false,\"_valueType\":\"boolean\",\"_hash\":\"555604752defc243b4e4c55d1549fc06\"}"},{"dataType":"ValueEntry","value":"{\"_name\":\"projectConfigAppOpt\",\"_valueType\":\"undefined\",\"_hash\":\"b52997704fa206ed96a13a1f2e464a85\"}"},{"dataType":"ValueEntry","value":"{\"_name\":\"releaseType\",\"_value\":\"Release\",\"_valueType\":\"string\",\"_hash\":\"bbcabdda034e97584f8c36f85b3ec517\"}"},{"dataType":"ValueEntry","value":"{\"_name\":\"targetSdkVersion\",\"_value\":12,\"_valueType\":\"number\",\"_hash\":\"94972355fc6ee8e90cfba1a7db4cf5db\"}"},{"dataType":"ValueEntry","value":"{\"_name\":\"tsanEnable\",\"_value\":false,\"_valueType\":\"boolean\",\"_hash\":\"086cac69f102cdd9ee25e54982ad7b76\"}"}],"_successful":true,"_projectName":"heima_cloud_music","_moduleName":"entry","_taskName":"default@MergeProfile","_key":":heima_cloud_music:entry:default@MergeProfile","_executionId":":heima_cloud_music:entry:default@MergeProfile:1732721678193","_inputFiles":{"dataType":"Map","value":[["D:\\harmonyOs\\project\\heima_cloud_music\\AppScope\\app.json5",{"fileSnapShotHashValue":"34aa642315a099409f5d3414c063a68c"}],["D:\\harmonyOs\\project\\heima_cloud_music\\build-profile.json5",{"fileSnapShotHashValue":"95fb36702365f31355a800877682ee10"}],["D:\\harmonyOs\\project\\heima_cloud_music\\entry\\src\\main\\module.json5",{"fileSnapShotHashValue":"d504e5b2830f4c9fdce0c71fcfe1530c"}]]},"_outputFiles":{"dataType":"Map","value":[["D:\\harmonyOs\\project\\heima_cloud_music\\entry\\build\\default\\intermediates\\merge_profile\\default\\module.json",{"fileSnapShotHashValue":"31bfe3eabe30f1af8a7a630902eb4e2a"}]]}},":heima_cloud_music:entry:default@CreateBuildProfile":{"_inputs":[{"dataType":"ValueEntry","value":"{\"_name\":\"BUILTIN_TASK_COMMAND\",\"_value\":\"\",\"_valueType\":\"string\",\"_hash\":\"0b5d05294fdf4e78e8482ef53eb64ac0\"}"},{"dataType":"ValueEntry","value":"{\"_name\":\"BUILTIN_TASK_ENV\",\"_value\":\"\",\"_valueType\":\"string\",\"_hash\":\"cdcdc2ec8062ca9ec1de46dbf2bbc053\"}"},{"dataType":"ValueEntry","value":"{\"_name\":\"BUILTIN_TASK_TOOLCHAIN\",\"_value\":\"\",\"_valueType\":\"string\",\"_hash\":\"e7f94a9422a8bc317a7d90b58efcb5f6\"}"},{"dataType":"ValueEntry","value":"{\"_name\":\"buildMode\",\"_value\":\"Debug\",\"_valueType\":\"string\",\"_hash\":\"8120d22ada0d6de22b101e1f4ea16e81\"}"},{"dataType":"ValueEntry","value":"{\"_name\":\"buildModeName\",\"_value\":\"debug\",\"_valueType\":\"string\",\"_hash\":\"3f0246ea410fd9efa9fc7196cca045e3\"}"},{"dataType":"ValueEntry","value":"{\"_name\":\"projectOhosConfigAppOpt\",\"_valueType\":\"undefined\",\"_hash\":\"d55b976f16f2e6ec7261b64755922538\"}"}],"_successful":true,"_projectName":"heima_cloud_music","_moduleName":"entry","_taskName":"default@CreateBuildProfile","_key":":heima_cloud_music:entry:default@CreateBuildProfile","_executionId":":heima_cloud_music:entry:default@CreateBuildProfile:1732721678197","_inputFiles":{"dataType":"Map","value":[["D:\\harmonyOs\\project\\heima_cloud_music\\AppScope\\app.json5",{"fileSnapShotHashValue":"34aa642315a099409f5d3414c063a68c"}],["D:\\harmonyOs\\project\\heima_cloud_music\\build-profile.json5",{"fileSnapShotHashValue":"95fb36702365f31355a800877682ee10"}]]},"_outputFiles":{"dataType":"Map","value":[["D:\\harmonyOs\\project\\heima_cloud_music\\entry\\build\\default\\generated\\profile\\default\\BuildProfile.ets",{"fileSnapShotHashValue":"3a6c3c458d0a7047d744a071c1cef106"}]]}},":heima_cloud_music:entry:default@GeneratePkgContextInfo":{"_inputs":[{"dataType":"ValueEntry","value":"{\"_name\":\"pkgContextInfoMap\",\"_value\":\"{\\\"@ohos/hypium\\\":{\\\"packageName\\\":\\\"@ohos/hypium\\\",\\\"bundleName\\\":\\\"\\\",\\\"moduleName\\\":\\\"\\\",\\\"version\\\":\\\"1.0.15\\\",\\\"entryPath\\\":\\\"index.js\\\",\\\"isSO\\\":false,\\\"dependencyAlias\\\":\\\"\\\"},\\\"@ohos/hamock\\\":{\\\"packageName\\\":\\\"@ohos/hamock\\\",\\\"bundleName\\\":\\\"\\\",\\\"moduleName\\\":\\\"\\\",\\\"version\\\":\\\"1.0.0-rc\\\",\\\"entryPath\\\":\\\"index.ets\\\",\\\"isSO\\\":false,\\\"dependencyAlias\\\":\\\"\\\"},\\\"entry\\\":{\\\"packageName\\\":\\\"entry\\\",\\\"bundleName\\\":\\\"\\\",\\\"moduleName\\\":\\\"\\\",\\\"version\\\":\\\"\\\",\\\"entryPath\\\":\\\"src/main/\\\",\\\"isSO\\\":false,\\\"dependencyAlias\\\":\\\"\\\"}}\",\"_valueType\":\"string\"}"},{"dataType":"ValueEntry","value":"{\"_name\":\"useNormalizedOHMUrl\",\"_value\":false,\"_valueType\":\"boolean\"}"},{"dataType":"ValueEntry","value":"{\"_name\":\"BUILTIN_TASK_COMMAND\",\"_value\":\"\",\"_valueType\":\"string\"}"},{"dataType":"ValueEntry","value":"{\"_name\":\"BUILTIN_TASK_TOOLCHAIN\",\"_value\":\"\",\"_valueType\":\"string\"}"},{"dataType":"ValueEntry","value":"{\"_name\":\"BUILTIN_TASK_ENV\",\"_value\":\"\",\"_valueType\":\"string\"}"}],"_successful":false,"_projectName":"heima_cloud_music","_moduleName":"entry","_taskName":"default@GeneratePkgContextInfo","_key":":heima_cloud_music:entry:default@GeneratePkgContextInfo","_executionId":":heima_cloud_music:entry:default@GeneratePkgContextInfo:1737383302787","_inputFiles":{"dataType":"Map","value":[]},"_outputFiles":{"dataType":"Map","value":[["D:\\harmonyOs\\project\\heima_cloud_music\\entry\\build\\default\\intermediates\\loader\\default\\pkgContextInfo.json",{"isDirectory":false,"fileSnapShotHashValue":""}]]}},":heima_cloud_music:entry:default@ProcessIntegratedHsp":{"_inputs":[{"dataType":"ValueEntry","value":"{\"_name\":\"BUILTIN_TASK_COMMAND\",\"_value\":\"\",\"_valueType\":\"string\"}"},{"dataType":"ValueEntry","value":"{\"_name\":\"BUILTIN_TASK_TOOLCHAIN\",\"_value\":\"\",\"_valueType\":\"string\"}"},{"dataType":"ValueEntry","value":"{\"_name\":\"BUILTIN_TASK_ENV\",\"_value\":\"\",\"_valueType\":\"string\"}"}],"_successful":true,"_projectName":"heima_cloud_music","_moduleName":"entry","_taskName":"default@ProcessIntegratedHsp","_key":":heima_cloud_music:entry:default@ProcessIntegratedHsp","_executionId":":heima_cloud_music:entry:default@ProcessIntegratedHsp:1737383302792","_inputFiles":{"dataType":"Map","value":[]},"_outputFiles":{"dataType":"Map","value":[["D:\\harmonyOs\\project\\heima_cloud_music\\build\\cache\\default\\integrated_hsp\\integratedHspCache.json",{"isDirectory":false,"fileSnapShotHashValue":""}]]}},":heima_cloud_music:entry:default@MakePackInfo":{"_inputs":[{"dataType":"ValueEntry","value":"{\"_name\":\"BUILTIN_TASK_COMMAND\",\"_value\":\"\",\"_valueType\":\"string\",\"_hash\":\"0b5d05294fdf4e78e8482ef53eb64ac0\"}"},{"dataType":"ValueEntry","value":"{\"_name\":\"BUILTIN_TASK_ENV\",\"_value\":\"\",\"_valueType\":\"string\",\"_hash\":\"cdcdc2ec8062ca9ec1de46dbf2bbc053\"}"},{"dataType":"ValueEntry","value":"{\"_name\":\"BUILTIN_TASK_TOOLCHAIN\",\"_value\":\"\",\"_valueType\":\"string\",\"_hash\":\"e7f94a9422a8bc317a7d90b58efcb5f6\"}"},{"dataType":"ValueEntry","value":"{\"_name\":\"appResOpt\",\"_value\":\"{\\\"app\\\":{\\\"bundleName\\\":\\\"com.example.heimacloudmusic\\\",\\\"vendor\\\":\\\"example\\\",\\\"versionCode\\\":1000000,\\\"versionName\\\":\\\"1.0.0\\\",\\\"icon\\\":\\\"$media:logo\\\",\\\"label\\\":\\\"$string:app_name\\\"}}\",\"_valueType\":\"string\",\"_hash\":\"6995c4e2c6b67ed699cdcc41b9f861e2\"}"},{"dataType":"ValueEntry","value":"{\"_name\":\"compatibleSdkVersion\",\"_value\":11,\"_valueType\":\"number\",\"_hash\":\"0a9ae1c2a584e001c6822783c8cf9636\"}"},{"dataType":"ValueEntry","value":"{\"_name\":\"compileSdkVersion\",\"_value\":12,\"_valueType\":\"number\",\"_hash\":\"56b3e38757636db61170725108e621dc\"}"},{"dataType":"ValueEntry","value":"{\"_name\":\"deviceTypes\",\"_value\":[\"phone\"],\"_valueType\":\"object\",\"_hash\":\"bad57feb108b0c386255b211cb9b3622\"}"},{"dataType":"ValueEntry","value":"{\"_name\":\"integratedHsp\",\"_value\":false,\"_valueType\":\"boolean\",\"_hash\":\"e67900c25b1f9fb70cc779de77dc6912\"}"},{"dataType":"ValueEntry","value":"{\"_name\":\"moduleJsonOpt\",\"_value\":\"{\\\"module\\\":{\\\"name\\\":\\\"entry\\\",\\\"type\\\":\\\"entry\\\",\\\"description\\\":\\\"$string:module_desc\\\",\\\"mainElement\\\":\\\"EntryAbility\\\",\\\"deviceTypes\\\":[\\\"phone\\\"],\\\"deliveryWithInstall\\\":true,\\\"pages\\\":\\\"$profile:main_pages\\\",\\\"requestPermissions\\\":[{\\\"name\\\":\\\"ohos.permission.INTERNET\\\"},{\\\"name\\\":\\\"ohos.permission.KEEP_BACKGROUND_RUNNING\\\"},{\\\"name\\\":\\\"ohos.permission.MICROPHONE\\\",\\\"reason\\\":\\\"$string:MICROPHONE_REASON\\\",\\\"usedScene\\\":{\\\"abilities\\\":[\\\"EntryAbility\\\"],\\\"when\\\":\\\"always\\\"}}],\\\"abilities\\\":[{\\\"name\\\":\\\"EntryAbility\\\",\\\"srcEntry\\\":\\\"./ets/entryability/EntryAbility.ets\\\",\\\"description\\\":\\\"$string:EntryAbility_desc\\\",\\\"icon\\\":\\\"$media:logo\\\",\\\"label\\\":\\\"$string:App_name\\\",\\\"startWindowIcon\\\":\\\"$media:logo\\\",\\\"startWindowBackground\\\":\\\"$color:start_window_background\\\",\\\"exported\\\":true,\\\"skills\\\":[{\\\"entities\\\":[\\\"entity.system.home\\\"],\\\"actions\\\":[\\\"action.system.home\\\"]}],\\\"backgroundModes\\\":[\\\"audioPlayback\\\"]}],\\\"extensionAbilities\\\":[{\\\"name\\\":\\\"EntryFormAbility\\\",\\\"srcEntry\\\":\\\"./ets/entryformability/EntryFormAbility.ets\\\",\\\"label\\\":\\\"$string:EntryFormAbility_label\\\",\\\"description\\\":\\\"$string:EntryFormAbility_desc\\\",\\\"type\\\":\\\"form\\\",\\\"metadata\\\":[{\\\"name\\\":\\\"ohos.extension.form\\\",\\\"resource\\\":\\\"$profile:form_config\\\"}]}]}}\",\"_valueType\":\"string\",\"_hash\":\"ed77c5fc05cb909227ef01e766a56d5f\"}"},{"dataType":"ValueEntry","value":"{\"_name\":\"projectConfigAppOpt\",\"_valueType\":\"undefined\",\"_hash\":\"b52997704fa206ed96a13a1f2e464a85\"}"},{"dataType":"ValueEntry","value":"{\"_name\":\"releaseType\",\"_value\":\"Release\",\"_valueType\":\"string\",\"_hash\":\"bbcabdda034e97584f8c36f85b3ec517\"}"}],"_successful":true,"_projectName":"heima_cloud_music","_moduleName":"entry","_taskName":"default@MakePackInfo","_key":":heima_cloud_music:entry:default@MakePackInfo","_executionId":":heima_cloud_music:entry:default@MakePackInfo:1732721678210","_inputFiles":{"dataType":"Map","value":[["D:\\harmonyOs\\project\\heima_cloud_music\\AppScope\\app.json5",{"fileSnapShotHashValue":"34aa642315a099409f5d3414c063a68c"}],["D:\\harmonyOs\\project\\heima_cloud_music\\entry\\src\\main\\module.json5",{"fileSnapShotHashValue":"d504e5b2830f4c9fdce0c71fcfe1530c"}],["D:\\harmonyOs\\project\\heima_cloud_music\\build-profile.json5",{"fileSnapShotHashValue":"95fb36702365f31355a800877682ee10"}],["D:\\harmonyOs\\project\\heima_cloud_music\\entry\\src\\main\\resources\\base\\profile\\form_config.json",{"fileSnapShotHashValue":"2836d9f476773fcccd75d3fda6c8a850"}]]},"_outputFiles":{"dataType":"Map","value":[["D:\\harmonyOs\\project\\heima_cloud_music\\entry\\build\\default\\outputs\\default\\pack.info",{"fileSnapShotHashValue":"3e8aacd3c99f7425673bf276a70cfcef"}]]}},":heima_cloud_music:entry:default@ProcessProfile":{"_inputs":[{"dataType":"ValueEntry","value":"{\"_name\":\"BUILTIN_TASK_COMMAND\",\"_value\":\"\",\"_valueType\":\"string\",\"_hash\":\"0b5d05294fdf4e78e8482ef53eb64ac0\"}"},{"dataType":"ValueEntry","value":"{\"_name\":\"BUILTIN_TASK_ENV\",\"_value\":\"\",\"_valueType\":\"string\",\"_hash\":\"cdcdc2ec8062ca9ec1de46dbf2bbc053\"}"},{"dataType":"ValueEntry","value":"{\"_name\":\"BUILTIN_TASK_TOOLCHAIN\",\"_value\":\"\",\"_valueType\":\"string\",\"_hash\":\"e7f94a9422a8bc317a7d90b58efcb5f6\"}"},{"dataType":"ValueEntry","value":"{\"_name\":\"arkEnable\",\"_value\":true,\"_valueType\":\"boolean\",\"_hash\":\"750b4bda198545a67903dfb3f6a00a95\"}"},{"dataType":"ValueEntry","value":"{\"_name\":\"compatibleSdkVersionStage\",\"_value\":\"\",\"_valueType\":\"string\",\"_hash\":\"713e499a13beffe12f1dfb936f957a2a\"}"},{"dataType":"ValueEntry","value":"{\"_name\":\"compileMode\",\"_value\":\"esmodule\",\"_valueType\":\"string\",\"_hash\":\"dacafc8e0b77a950178a0b4d142dc32c\"}"},{"dataType":"ValueEntry","value":"{\"_name\":\"dependency\",\"_value\":\"[]\",\"_valueType\":\"string\",\"_hash\":\"ac54f3d4ced2d4c1d666d40e4f7c454a\"}"},{"dataType":"ValueEntry","value":"{\"_name\":\"deviceTypes\",\"_value\":[\"phone\"],\"_valueType\":\"object\",\"_hash\":\"bad57feb108b0c386255b211cb9b3622\"}"}],"_successful":true,"_projectName":"heima_cloud_music","_moduleName":"entry","_taskName":"default@ProcessProfile","_key":":heima_cloud_music:entry:default@ProcessProfile","_executionId":":heima_cloud_music:entry:default@ProcessProfile:1732721678215","_inputFiles":{"dataType":"Map","value":[["D:\\harmonyOs\\project\\heima_cloud_music\\entry\\build\\default\\intermediates\\merge_profile\\default\\module.json",{"fileSnapShotHashValue":"31bfe3eabe30f1af8a7a630902eb4e2a"}]]},"_outputFiles":{"dataType":"Map","value":[["D:\\harmonyOs\\project\\heima_cloud_music\\entry\\build\\default\\intermediates\\process_profile\\default\\module.json",{"fileSnapShotHashValue":"ff2d6bf7bcc6f3f2a3364e2b593942e9"}]]}},":heima_cloud_music:entry:default@SyscapTransform":{"_inputs":[{"dataType":"ValueEntry","value":"{\"_name\":\"deviceTypes\",\"_value\":[\"phone\"],\"_valueType\":\"object\"}"},{"dataType":"ValueEntry","value":"{\"_name\":\"BUILTIN_TASK_COMMAND\",\"_value\":\"\",\"_valueType\":\"string\"}"},{"dataType":"ValueEntry","value":"{\"_name\":\"BUILTIN_TASK_TOOLCHAIN\",\"_value\":\"\",\"_valueType\":\"string\"}"},{"dataType":"ValueEntry","value":"{\"_name\":\"BUILTIN_TASK_ENV\",\"_value\":\"\",\"_valueType\":\"string\"}"}],"_successful":true,"_projectName":"heima_cloud_music","_moduleName":"entry","_taskName":"default@SyscapTransform","_key":":heima_cloud_music:entry:default@SyscapTransform","_executionId":":heima_cloud_music:entry:default@SyscapTransform:1737383302808","_inputFiles":{"dataType":"Map","value":[["D:\\harmonyOs\\DevEco Studio\\sdk\\default\\openharmony\\toolchains\\syscap_tool.exe",{"fileSnapShotHashValue":"deda553f1a31609a0601eda42d95b111"}],["D:\\harmonyOs\\DevEco Studio\\sdk\\default\\openharmony\\ets\\api\\device-define",{"fileSnapShotHashValue":"73998a88c573c759e705985efe5e6a04"}]]},"_outputFiles":{"dataType":"Map","value":[["D:\\harmonyOs\\project\\heima_cloud_music\\entry\\build\\default\\intermediates\\syscap\\default\\rpcid.sc",{"fileSnapShotHashValue":""}]]}},":heima_cloud_music:entry:default@ProcessRouterMap":{"_inputs":[{"dataType":"ValueEntry","value":"{\"_name\":\"BUILTIN_TASK_COMMAND\",\"_value\":\"\",\"_valueType\":\"string\",\"_hash\":\"0b5d05294fdf4e78e8482ef53eb64ac0\"}"},{"dataType":"ValueEntry","value":"{\"_name\":\"BUILTIN_TASK_ENV\",\"_value\":\"\",\"_valueType\":\"string\",\"_hash\":\"cdcdc2ec8062ca9ec1de46dbf2bbc053\"}"},{"dataType":"ValueEntry","value":"{\"_name\":\"BUILTIN_TASK_TOOLCHAIN\",\"_value\":\"\",\"_valueType\":\"string\",\"_hash\":\"e7f94a9422a8bc317a7d90b58efcb5f6\"}"},{"dataType":"ValueEntry","value":"{\"_name\":\"byteCodeHar\",\"_value\":false,\"_valueType\":\"boolean\",\"_hash\":\"1918a3ccb645ccacd0aedd84fc6cf8a4\"}"},{"dataType":"ValueEntry","value":"{\"_name\":\"obfuscated\",\"_value\":true,\"_valueType\":\"boolean\",\"_hash\":\"a69c27b9cf01a6710d3662cfe180239f\"}"},{"dataType":"ValueEntry","value":"{\"_name\":\"useNormalizedOHMUrl\",\"_value\":false,\"_valueType\":\"boolean\",\"_hash\":\"45c309ddef659bd1ca26b5b8988a1a78\"}"}],"_successful":true,"_projectName":"heima_cloud_music","_moduleName":"entry","_taskName":"default@ProcessRouterMap","_key":":heima_cloud_music:entry:default@ProcessRouterMap","_executionId":":heima_cloud_music:entry:default@ProcessRouterMap:1732721662034","_inputFiles":{"dataType":"Map","value":[["D:\\harmonyOs\\project\\heima_cloud_music\\entry\\oh-package.json5",{"fileSnapShotHashValue":"114d6d0e1f06643dca9682399bb90877"}],["D:\\harmonyOs\\project\\heima_cloud_music\\oh-package.json5",{"fileSnapShotHashValue":"3aa40bfb05d6285269a9c41a42eede55"}],["D:\\harmonyOs\\project\\heima_cloud_music\\entry\\src\\main\\module.json5",{"fileSnapShotHashValue":"d504e5b2830f4c9fdce0c71fcfe1530c"}]]},"_outputFiles":{"dataType":"Map","value":[["D:\\harmonyOs\\project\\heima_cloud_music\\entry\\build\\default\\intermediates\\router_map\\default\\temp-router-map.json",{"fileSnapShotHashValue":"72d020737a57f6ff0667115065192fb3"}],["D:\\harmonyOs\\project\\heima_cloud_music\\entry\\build\\default\\intermediates\\router_map\\default\\loader-router-map.json",{"fileSnapShotHashValue":"ccb70722873e734e10d53e467a336231"}]]}},":heima_cloud_music:entry:default@ProcessResource":{"_inputs":[{"dataType":"ValueEntry","value":"{\"_name\":\"BUILTIN_TASK_COMMAND\",\"_value\":\"\",\"_valueType\":\"string\",\"_hash\":\"0b5d05294fdf4e78e8482ef53eb64ac0\"}"},{"dataType":"ValueEntry","value":"{\"_name\":\"BUILTIN_TASK_ENV\",\"_value\":\"\",\"_valueType\":\"string\",\"_hash\":\"cdcdc2ec8062ca9ec1de46dbf2bbc053\"}"},{"dataType":"ValueEntry","value":"{\"_name\":\"BUILTIN_TASK_TOOLCHAIN\",\"_value\":\"\",\"_valueType\":\"string\",\"_hash\":\"e7f94a9422a8bc317a7d90b58efcb5f6\"}"},{"dataType":"ValueEntry","value":"{\"_name\":\"D:\\\\harmonyOs\\\\project\\\\heima_cloud_music\\\\entry\\\\build\\\\default\\\\intermediates\\\\res\\\\default\\\\opt-compression.json\",\"_value\":\"{\\\"context\\\":{\\\"extensionPath\\\":\\\"D:\\\\\\\\harmonyOs\\\\\\\\DevEco Studio\\\\\\\\sdk\\\\\\\\default\\\\\\\\hms\\\\\\\\toolchains\\\\\\\\lib\\\\\\\\libimage_transcoder_shared.dll\\\"},\\\"compression\\\":{\\\"media\\\":{\\\"enable\\\":false},\\\"filters\\\":[]}}\",\"_valueType\":\"string\",\"_hash\":\"5987037282df25f76ca4687df91ad335\"}"},{"dataType":"ValueEntry","value":"{\"_name\":\"resConfigJsonContent\",\"_value\":\"{\\\"configPath\\\":\\\"D:\\\\\\\\harmonyOs\\\\\\\\project\\\\\\\\heima_cloud_music\\\\\\\\entry\\\\\\\\build\\\\\\\\default\\\\\\\\intermediates\\\\\\\\process_profile\\\\\\\\default\\\\\\\\module.json\\\",\\\"packageName\\\":\\\"com.example.heimacloudmusic\\\",\\\"output\\\":\\\"D:\\\\\\\\harmonyOs\\\\\\\\project\\\\\\\\heima_cloud_music\\\\\\\\entry\\\\\\\\build\\\\\\\\default\\\\\\\\intermediates\\\\\\\\res\\\\\\\\default\\\",\\\"moduleNames\\\":\\\"entry\\\",\\\"ResourceTable\\\":[\\\"D:\\\\\\\\harmonyOs\\\\\\\\project\\\\\\\\heima_cloud_music\\\\\\\\entry\\\\\\\\build\\\\\\\\default\\\\\\\\generated\\\\\\\\r\\\\\\\\default\\\\\\\\ResourceTable.h\\\"],\\\"applicationResource\\\":\\\"D:\\\\\\\\harmonyOs\\\\\\\\project\\\\\\\\heima_cloud_music\\\\\\\\AppScope\\\\\\\\resources\\\",\\\"moduleResources\\\":[\\\"D:\\\\\\\\harmonyOs\\\\\\\\project\\\\\\\\heima_cloud_music\\\\\\\\entry\\\\\\\\src\\\\\\\\main\\\\\\\\resources\\\"],\\\"dependencies\\\":[],\\\"iconCheck\\\":true,\\\"ids\\\":\\\"D:\\\\\\\\harmonyOs\\\\\\\\project\\\\\\\\heima_cloud_music\\\\\\\\entry\\\\\\\\build\\\\\\\\default\\\\\\\\intermediates\\\\\\\\res\\\\\\\\default\\\\\\\\ids_map\\\",\\\"definedIds\\\":\\\"D:\\\\\\\\harmonyOs\\\\\\\\project\\\\\\\\heima_cloud_music\\\\\\\\entry\\\\\\\\build\\\\\\\\default\\\\\\\\intermediates\\\\\\\\res\\\\\\\\default\\\\\\\\ids_map\\\\\\\\id_defined.json\\\",\\\"definedSysIds\\\":\\\"D:\\\\\\\\harmonyOs\\\\\\\\DevEco Studio\\\\\\\\sdk\\\\\\\\default\\\\\\\\hms\\\\\\\\toolchains\\\\\\\\id_defined.json\\\"}\",\"_valueType\":\"string\",\"_hash\":\"427f97b8ca79905e20c0744658267b70\"}"}],"_successful":true,"_projectName":"heima_cloud_music","_moduleName":"entry","_taskName":"default@ProcessResource","_key":":heima_cloud_music:entry:default@ProcessResource","_executionId":":heima_cloud_music:entry:default@ProcessResource:1732721596306","_inputFiles":{"dataType":"Map","value":[]},"_outputFiles":{"dataType":"Map","value":[["D:\\harmonyOs\\project\\heima_cloud_music\\entry\\build\\default\\intermediates\\res\\default\\resConfig.json",{"isDirectory":false,"fileSnapShotHashValue":"fc16d2c1a868e61ad4aacf13ed74e925"}],["D:\\harmonyOs\\project\\heima_cloud_music\\entry\\build\\default\\intermediates\\res\\default\\opt-compression.json",{"isDirectory":false,"fileSnapShotHashValue":"822535ffc2552e049163fbd0e7d70c67"}]]}},":heima_cloud_music:entry:default@GenerateLoaderJson":{"_inputs":[{"dataType":"ValueEntry","value":"{\"_name\":\"BUILTIN_TASK_COMMAND\",\"_value\":\"\",\"_valueType\":\"string\",\"_hash\":\"0b5d05294fdf4e78e8482ef53eb64ac0\"}"},{"dataType":"ValueEntry","value":"{\"_name\":\"BUILTIN_TASK_ENV\",\"_value\":\"\",\"_valueType\":\"string\",\"_hash\":\"cdcdc2ec8062ca9ec1de46dbf2bbc053\"}"},{"dataType":"ValueEntry","value":"{\"_name\":\"BUILTIN_TASK_TOOLCHAIN\",\"_value\":\"\",\"_valueType\":\"string\",\"_hash\":\"e7f94a9422a8bc317a7d90b58efcb5f6\"}"},{"dataType":"ValueEntry","value":"{\"_name\":\"anBuildMode\",\"_value\":\"type\",\"_valueType\":\"string\",\"_hash\":\"de241a1eec94a2a622ff1c89f32846a2\"}"},{"dataType":"ValueEntry","value":"{\"_name\":\"apPath\",\"_value\":\"D:\\\\harmonyOs\\\\project\\\\heima_cloud_music\\\\entry\\\\modules.ap\",\"_valueType\":\"string\",\"_hash\":\"ccf7241ae22147515136bed25fe631a1\"}"},{"dataType":"ValueEntry","value":"{\"_name\":\"compatibleApiVersion\",\"_value\":11,\"_valueType\":\"number\",\"_hash\":\"93f5cd3d75ef7f4c00083401b682d592\"}"},{"dataType":"ValueEntry","value":"{\"_name\":\"compileApiVersion\",\"_value\":12,\"_valueType\":\"number\",\"_hash\":\"5bc55d1554c9b9f95bf3de5259c04c8b\"}"},{"dataType":"ValueEntry","value":"{\"_name\":\"compileMode\",\"_value\":\"esmodule\",\"_valueType\":\"string\",\"_hash\":\"dacafc8e0b77a950178a0b4d142dc32c\"}"},{"dataType":"ValueEntry","value":"{\"_name\":\"fallbackAnBuild\",\"_value\":false,\"_valueType\":\"boolean\",\"_hash\":\"a63e98bb3f368ced6ed4d5579ea7ca39\"}"},{"dataType":"ValueEntry","value":"{\"_name\":\"harNameOhmMap\",\"_value\":\"{}\",\"_valueType\":\"string\",\"_hash\":\"0faf006bccbcdc2c7f04ff2d8c87894f\"}"},{"dataType":"ValueEntry","value":"{\"_name\":\"hspNameOhmMap\",\"_value\":\"{}\",\"_valueType\":\"string\",\"_hash\":\"0e2d87e0c1ed279c66bc3efb8683e5d1\"}"},{"dataType":"ValueEntry","value":"{\"_name\":\"isBundledDependencies\",\"_value\":false,\"_valueType\":\"boolean\",\"_hash\":\"a69aa552317c7a6e087cb84a5722e050\"}"},{"dataType":"ValueEntry","value":"{\"_name\":\"isByteCodeHar\",\"_value\":false,\"_valueType\":\"boolean\",\"_hash\":\"c5f9b9e5cabee4253d52d0d01ca64ba2\"}"},{"dataType":"ValueEntry","value":"{\"_name\":\"isFullCompilationEnabled\",\"_value\":true,\"_valueType\":\"boolean\",\"_hash\":\"98b683d049e4e7fc32ef1be5321fe0b6\"}"},{"dataType":"ValueEntry","value":"{\"_name\":\"isHarWithCoverage\",\"_value\":false,\"_valueType\":\"boolean\",\"_hash\":\"7224a86bd9c5f83cb9a1a61584afcfb4\"}"},{"dataType":"ValueEntry","value":"{\"_name\":\"modulePathMap\",\"_value\":\"{\\\"entry\\\":\\\"D:\\\\\\\\harmonyOs\\\\\\\\project\\\\\\\\heima_cloud_music\\\\\\\\entry\\\"}\",\"_valueType\":\"string\",\"_hash\":\"314a128cf5503abf976260ee9febf8d6\"}"},{"dataType":"ValueEntry","value":"{\"_name\":\"module_dependencies\",\"_value\":\"{}\",\"_valueType\":\"string\",\"_hash\":\"974757f304b5bfd1c1454ea7a38cd0d5\"}"},{"dataType":"ValueEntry","value":"{\"_name\":\"needSubmitArkTsWidget\",\"_value\":true,\"_valueType\":\"boolean\",\"_hash\":\"9cbc89dff2991847f49d04fa1cc32d4a\"}"},{"dataType":"ValueEntry","value":"{\"_name\":\"nodeModulesPath\",\"_value\":\"D:\\\\harmonyOs\\\\project\\\\heima_cloud_music\\\\entry\\\\build\\\\default\\\\intermediates\\\\loader_out\\\\default\\\\node_modules\",\"_valueType\":\"string\",\"_hash\":\"47c83a228a1564d80f69088306158f22\"}"},{"dataType":"ValueEntry","value":"{\"_name\":\"overrides\",\"_valueType\":\"undefined\",\"_hash\":\"0e8f66f8eb79c6f33fb153c3fc3942f4\"}"},{"dataType":"ValueEntry","value":"{\"_name\":\"projectRootPath\",\"_value\":\"D:\\\\harmonyOs\\\\project\\\\heima_cloud_music\",\"_valueType\":\"string\",\"_hash\":\"d4cb2497b3c74cc671ac86da640da4a5\"}"},{"dataType":"ValueEntry","value":"{\"_name\":\"project_dependencies\",\"_value\":\"{}\",\"_valueType\":\"string\",\"_hash\":\"e15496bf1de2273597f444f07f1ca6d5\"}"},{"dataType":"ValueEntry","value":"{\"_name\":\"shouldTreatHarAsHap\",\"_value\":false,\"_valueType\":\"boolean\",\"_hash\":\"24c9a48f68bd9cc73238825ca10c9629\"}"},{"dataType":"ValueEntry","value":"{\"_name\":\"targetConfig\",\"_value\":\"{\\\"name\\\":\\\"default\\\"}\",\"_valueType\":\"string\",\"_hash\":\"44f0c01d44e2bbf4013c5bb1f232e1fe\"}"},{"dataType":"ValueEntry","value":"{\"_name\":\"useNormalizedOHMUrl\",\"_value\":false,\"_valueType\":\"boolean\",\"_hash\":\"45c309ddef659bd1ca26b5b8988a1a78\"}"}],"_successful":true,"_projectName":"heima_cloud_music","_moduleName":"entry","_taskName":"default@GenerateLoaderJson","_key":":heima_cloud_music:entry:default@GenerateLoaderJson","_executionId":":heima_cloud_music:entry:default@GenerateLoaderJson:1732721662047","_inputFiles":{"dataType":"Map","value":[["D:\\harmonyOs\\project\\heima_cloud_music\\entry\\src\\mock\\mock-config.json5",{"fileSnapShotHashValue":"89ed204b7f158d42b492f15615745df8"}],["D:\\harmonyOs\\project\\heima_cloud_music\\entry\\build\\default\\intermediates\\router_map\\default\\temp-router-map.json",{"fileSnapShotHashValue":"72d020737a57f6ff0667115065192fb3"}]]},"_outputFiles":{"dataType":"Map","value":[["D:\\harmonyOs\\project\\heima_cloud_music\\entry\\build\\default\\intermediates\\loader\\default\\loader.json",{"isDirectory":false,"fileSnapShotHashValue":"ad10bb31fa5867a14d6e4c3c3aadc096"}],["D:\\harmonyOs\\project\\heima_cloud_music\\entry\\build\\default\\intermediates\\loader\\default\\widget_loader.json",{"isDirectory":false,"fileSnapShotHashValue":"88578504033d10ade89225d7317b462f"}]]}},":heima_cloud_music:entry:default@ProcessLibs":{"_inputs":[{"dataType":"ValueEntry","value":"{\"_name\":\"BUILTIN_TASK_COMMAND\",\"_value\":\"\",\"_valueType\":\"string\",\"_hash\":\"0b5d05294fdf4e78e8482ef53eb64ac0\"}"},{"dataType":"ValueEntry","value":"{\"_name\":\"BUILTIN_TASK_ENV\",\"_value\":\"\",\"_valueType\":\"string\",\"_hash\":\"cdcdc2ec8062ca9ec1de46dbf2bbc053\"}"},{"dataType":"ValueEntry","value":"{\"_name\":\"BUILTIN_TASK_TOOLCHAIN\",\"_value\":\"\",\"_valueType\":\"string\",\"_hash\":\"e7f94a9422a8bc317a7d90b58efcb5f6\"}"},{"dataType":"ValueEntry","value":"{\"_name\":\"isBundledDependencies\",\"_value\":false,\"_valueType\":\"boolean\",\"_hash\":\"a69aa552317c7a6e087cb84a5722e050\"}"},{"dataType":"ValueEntry","value":"{\"_name\":\"isByteCodeHar\",\"_value\":false,\"_valueType\":\"boolean\",\"_hash\":\"c5f9b9e5cabee4253d52d0d01ca64ba2\"}"}],"_successful":true,"_projectName":"heima_cloud_music","_moduleName":"entry","_taskName":"default@ProcessLibs","_key":":heima_cloud_music:entry:default@ProcessLibs","_executionId":":heima_cloud_music:entry:default@ProcessLibs:1732721678522","_inputFiles":{"dataType":"Map","value":[["D:\\harmonyOs\\project\\heima_cloud_music\\build-profile.json5",{"fileSnapShotHashValue":"95fb36702365f31355a800877682ee10"}],["D:\\harmonyOs\\project\\heima_cloud_music\\entry\\build-profile.json5",{"fileSnapShotHashValue":"abef54c075336c5073ef7ab2384cc195"}]]},"_outputFiles":{"dataType":"Map","value":[["D:\\harmonyOs\\project\\heima_cloud_music\\entry\\build\\default\\intermediates\\libs\\default",{"isDirectory":true,"fileSnapShotHashValue":""}]]}},":heima_cloud_music:entry:default@CompileResource":{"_inputs":[{"dataType":"ValueEntry","value":"{\"_name\":\"BUILTIN_TASK_COMMAND\",\"_value\":\"D:\\\\harmonyOs\\\\DevEco Studio\\\\sdk\\\\default\\\\openharmony\\\\toolchains\\\\restool.exe,-l,D:\\\\harmonyOs\\\\project\\\\heima_cloud_music\\\\entry\\\\build\\\\default\\\\intermediates\\\\res\\\\default\\\\resConfig.json\",\"_valueType\":\"string\",\"_hash\":\"c462113f9710e203a3b18902b02ca4aa\"}"},{"dataType":"ValueEntry","value":"{\"_name\":\"BUILTIN_TASK_ENV\",\"_value\":\"\",\"_valueType\":\"string\",\"_hash\":\"cdcdc2ec8062ca9ec1de46dbf2bbc053\"}"},{"dataType":"ValueEntry","value":"{\"_name\":\"BUILTIN_TASK_TOOLCHAIN\",\"_value\":\"D:\\\\harmonyOs\\\\DevEco Studio\\\\sdk\\\\default\\\\openharmony\\\\toolchains\\\\restool.exe\",\"_valueType\":\"string\",\"_hash\":\"8312b01fee9364b42568dacba9ac0a7e\"}"},{"dataType":"ValueEntry","value":"{\"_name\":\"TARGET_CONFIG\",\"_value\":\"{\\\"name\\\":\\\"default\\\"}\",\"_valueType\":\"string\",\"_hash\":\"ebe85c5c20c0e5d9e03bc5dc7135f953\"}"}],"_successful":true,"_projectName":"heima_cloud_music","_moduleName":"entry","_taskName":"default@CompileResource","_key":":heima_cloud_music:entry:default@CompileResource","_executionId":":heima_cloud_music:entry:default@CompileResource:1732721678528","_inputFiles":{"dataType":"Map","value":[["D:\\harmonyOs\\project\\heima_cloud_music\\entry\\src\\main\\resources",{"fileSnapShotHashValue":"ab084905a52a8da666d25953459fb02f"}],["D:\\harmonyOs\\project\\heima_cloud_music\\AppScope\\resources",{"fileSnapShotHashValue":"a9e312b049389d34b0f983c99e54ca56"}],["D:\\harmonyOs\\project\\heima_cloud_music\\entry\\build\\default\\intermediates\\process_profile\\default\\module.json",{"isDirectory":false,"fileSnapShotHashValue":"ff2d6bf7bcc6f3f2a3364e2b593942e9"}],["D:\\harmonyOs\\project\\heima_cloud_music\\entry\\build\\default\\intermediates\\res\\default\\resConfig.json",{"isDirectory":false,"fileSnapShotHashValue":"fc16d2c1a868e61ad4aacf13ed74e925"}]]},"_outputFiles":{"dataType":"Map","value":[["D:\\harmonyOs\\project\\heima_cloud_music\\entry\\build\\default\\intermediates\\res\\default",{"isDirectory":true,"fileSnapShotHashValue":"c44a0c14dcd96caead090c5bfdd8d2a1"}],["D:\\harmonyOs\\project\\heima_cloud_music\\entry\\build\\default\\generated\\r\\default\\ResourceTable.h",{"isDirectory":false,"fileSnapShotHashValue":"6e15b1865d621e16adf0a6a031fd1e8e"}],["D:\\harmonyOs\\project\\heima_cloud_music\\entry\\build\\default\\generated\\r\\default",{"isDirectory":true,"fileSnapShotHashValue":"ca91071963ef3c547805d2893274d66d"}]]}},":heima_cloud_music:entry:default@CompileArkTS":{"_inputs":[{"dataType":"ValueEntry","value":"{\"_name\":\"BUILTIN_TASK_COMMAND\",\"_value\":\"\",\"_valueType\":\"string\",\"_hash\":\"0b5d05294fdf4e78e8482ef53eb64ac0\"}"},{"dataType":"ValueEntry","value":"{\"_name\":\"BUILTIN_TASK_ENV\",\"_value\":\"\",\"_valueType\":\"string\",\"_hash\":\"cdcdc2ec8062ca9ec1de46dbf2bbc053\"}"},{"dataType":"ValueEntry","value":"{\"_name\":\"BUILTIN_TASK_TOOLCHAIN\",\"_value\":\"\",\"_valueType\":\"string\",\"_hash\":\"e7f94a9422a8bc317a7d90b58efcb5f6\"}"},{"dataType":"ValueEntry","value":"{\"_name\":\"OBFUSCATION_ENABLE\",\"_value\":\"undefined\",\"_valueType\":\"string\",\"_hash\":\"ff7227e14d015249a3e7d1c72a6f786b\"}"},{"dataType":"ValueEntry","value":"{\"_name\":\"ark.tsImportSendable\",\"_value\":false,\"_valueType\":\"boolean\",\"_hash\":\"f04f50b7ce70c30751c6005395587e54\"}"},{"dataType":"ValueEntry","value":"{\"_name\":\"arkTsWdiget\",\"_value\":true,\"_valueType\":\"boolean\",\"_hash\":\"9b8975e93484c7d057e353232cff7775\"}"},{"dataType":"ValueEntry","value":"{\"_name\":\"caseSensitiveCheck\",\"_value\":false,\"_valueType\":\"boolean\",\"_hash\":\"aad26d12cc6ecf64ecfa582b1a324518\"}"},{"dataType":"ValueEntry","value":"{\"_name\":\"compatibleSdkVersionStage\",\"_value\":\"\",\"_valueType\":\"string\",\"_hash\":\"713e499a13beffe12f1dfb936f957a2a\"}"},{"dataType":"ValueEntry","value":"{\"_name\":\"customTypes\",\"_value\":\"\",\"_valueType\":\"string\",\"_hash\":\"970a2695bffac1c5a4fa283dc36050e3\"}"},{"dataType":"ValueEntry","value":"{\"_name\":\"debuggable\",\"_value\":true,\"_valueType\":\"boolean\",\"_hash\":\"9317e353a3dfc7a50e38661ad8ff5997\"}"},{"dataType":"ValueEntry","value":"{\"_name\":\"isArk\",\"_value\":true,\"_valueType\":\"boolean\",\"_hash\":\"17ecedf2dfb147b839a2b53bbdd3901b\"}"},{"dataType":"ValueEntry","value":"{\"_name\":\"needCoverageInsert\",\"_value\":false,\"_valueType\":\"boolean\",\"_hash\":\"581186029b4d8239f5770bb9c4a40772\"}"},{"dataType":"ValueEntry","value":"{\"_name\":\"noExternalImportByPath\",\"_value\":false,\"_valueType\":\"boolean\",\"_hash\":\"f6ce940efd71de0861cf1c11fa81b403\"}"},{"dataType":"ValueEntry","value":"{\"_name\":\"transformLib\",\"_value\":\"\",\"_valueType\":\"string\",\"_hash\":\"7d270d0ce7ae5c6e2e32760cb396ea5a\"}"},{"dataType":"ValueEntry","value":"{\"_name\":\"useNormalizedOHMUrl\",\"_value\":false,\"_valueType\":\"boolean\",\"_hash\":\"45c309ddef659bd1ca26b5b8988a1a78\"}"}],"_successful":true,"_projectName":"heima_cloud_music","_moduleName":"entry","_taskName":"default@CompileArkTS","_key":":heima_cloud_music:entry:default@CompileArkTS","_executionId":":heima_cloud_music:entry:default@CompileArkTS:1737383281748","_inputFiles":{"dataType":"Map","value":[["D:\\harmonyOs\\project\\heima_cloud_music\\entry\\build\\default\\intermediates\\loader\\default",{"isDirectory":true,"fileSnapShotHashValue":"d213583d30afd7e2ccfb21c47a71ff03"}],["D:\\harmonyOs\\project\\heima_cloud_music\\entry\\build\\default\\intermediates\\res\\default\\resources\\rawfile",{"isDirectory":true,"fileSnapShotHashValue":"a416b08ea009c79cb90a4ec9aef73f32"}],["D:\\harmonyOs\\project\\heima_cloud_music\\entry\\build\\default\\intermediates\\res\\default\\ResourceTable.txt",{"fileSnapShotHashValue":"21829543c56170b1312e1a64c89a6d25"}],["D:\\harmonyOs\\project\\heima_cloud_music\\entry\\build\\default\\intermediates\\res\\default\\module.json",{"fileSnapShotHashValue":"35e5f4f2cde11784775ab4fc4cbe2be0"}],["D:\\harmonyOs\\project\\heima_cloud_music\\entry\\build\\default\\intermediates\\res\\default\\resources\\base\\profile",{"isDirectory":true,"fileSnapShotHashValue":"f93766320c838854cd074a2c6a855136"}],["D:\\harmonyOs\\project\\heima_cloud_music\\entry\\src\\main\\ets",{"isDirectory":true,"fileSnapShotHashValue":"d1236266992f9db3f78e8ba47f4d8201"}],["D:\\harmonyOs\\project\\heima_cloud_music\\entry\\src\\main\\resources\\base\\profile\\form_config.json",{"fileSnapShotHashValue":"2836d9f476773fcccd75d3fda6c8a850"}],["D:\\harmonyOs\\project\\heima_cloud_music\\entry\\build\\default\\generated\\profile\\default\\BuildProfile.ets",{"fileSnapShotHashValue":"3a6c3c458d0a7047d744a071c1cef106"}],["D:\\harmonyOs\\project\\heima_cloud_music\\entry\\src\\mock\\mock-config.json5",{"isDirectory":false,"fileSnapShotHashValue":"89ed204b7f158d42b492f15615745df8"}]]},"_outputFiles":{"dataType":"Map","value":[["D:\\harmonyOs\\project\\heima_cloud_music\\entry\\build\\default\\intermediates\\loader_out\\default\\ets",{"isDirectory":true,"fileSnapShotHashValue":"a14004c56a326d51fd1cc05e359cd34d"}]]}},":heima_cloud_music:entry:default@BuildJS":{"_inputs":[{"dataType":"ValueEntry","value":"{\"_name\":\"debuggable\",\"_value\":true,\"_valueType\":\"boolean\"}"},{"dataType":"ValueEntry","value":"{\"_name\":\"isArk\",\"_value\":true,\"_valueType\":\"boolean\"}"},{"dataType":"ValueEntry","value":"{\"_name\":\"needCoverageInsert\",\"_value\":false,\"_valueType\":\"boolean\"}"},{"dataType":"ValueEntry","value":"{\"_name\":\"ark.tsImportSendable\",\"_value\":false,\"_valueType\":\"boolean\"}"},{"dataType":"ValueEntry","value":"{\"_name\":\"customTypes\",\"_value\":\"\",\"_valueType\":\"string\"}"},{"dataType":"ValueEntry","value":"{\"_name\":\"caseSensitiveCheck\",\"_value\":false,\"_valueType\":\"boolean\"}"},{"dataType":"ValueEntry","value":"{\"_name\":\"useNormalizedOHMUrl\",\"_value\":false,\"_valueType\":\"boolean\"}"},{"dataType":"ValueEntry","value":"{\"_name\":\"transformLib\",\"_value\":\"\",\"_valueType\":\"string\"}"},{"dataType":"ValueEntry","value":"{\"_name\":\"compatibleSdkVersionStage\",\"_value\":\"\",\"_valueType\":\"string\"}"},{"dataType":"ValueEntry","value":"{\"_name\":\"BUILTIN_TASK_COMMAND\",\"_value\":\"\",\"_valueType\":\"string\"}"},{"dataType":"ValueEntry","value":"{\"_name\":\"BUILTIN_TASK_TOOLCHAIN\",\"_value\":\"\",\"_valueType\":\"string\"}"},{"dataType":"ValueEntry","value":"{\"_name\":\"BUILTIN_TASK_ENV\",\"_value\":\"\",\"_valueType\":\"string\"}"}],"_successful":false,"_projectName":"heima_cloud_music","_moduleName":"entry","_taskName":"default@BuildJS","_key":":heima_cloud_music:entry:default@BuildJS","_executionId":":heima_cloud_music:entry:default@BuildJS:1737383302875","_inputFiles":{"dataType":"Map","value":[["D:\\harmonyOs\\project\\heima_cloud_music\\entry\\build\\default\\intermediates\\loader\\default",{"isDirectory":true,"fileSnapShotHashValue":"d213583d30afd7e2ccfb21c47a71ff03"}],["D:\\harmonyOs\\project\\heima_cloud_music\\entry\\build\\default\\intermediates\\res\\default\\resources\\rawfile",{"isDirectory":true,"fileSnapShotHashValue":"a416b08ea009c79cb90a4ec9aef73f32"}],["D:\\harmonyOs\\project\\heima_cloud_music\\entry\\build\\default\\intermediates\\res\\default\\ResourceTable.txt",{"fileSnapShotHashValue":"21829543c56170b1312e1a64c89a6d25"}],["D:\\harmonyOs\\project\\heima_cloud_music\\entry\\build\\default\\intermediates\\res\\default\\module.json",{"fileSnapShotHashValue":"35e5f4f2cde11784775ab4fc4cbe2be0"}],["D:\\harmonyOs\\project\\heima_cloud_music\\entry\\build\\default\\intermediates\\res\\default\\resources\\base\\profile",{"isDirectory":true,"fileSnapShotHashValue":"f93766320c838854cd074a2c6a855136"}]]},"_outputFiles":{"dataType":"Map","value":[["D:\\harmonyOs\\project\\heima_cloud_music\\entry\\build\\default\\intermediates\\loader_out\\default\\js",{"isDirectory":true,"fileSnapShotHashValue":""}]]}},":heima_cloud_music:entry:default@DoNativeStrip":{"_inputs":[{"dataType":"ValueEntry","value":"{\"_name\":\"BUILTIN_TASK_COMMAND\",\"_value\":\"\",\"_valueType\":\"string\",\"_hash\":\"0b5d05294fdf4e78e8482ef53eb64ac0\"}"},{"dataType":"ValueEntry","value":"{\"_name\":\"BUILTIN_TASK_ENV\",\"_value\":\"\",\"_valueType\":\"string\",\"_hash\":\"cdcdc2ec8062ca9ec1de46dbf2bbc053\"}"},{"dataType":"ValueEntry","value":"{\"_name\":\"BUILTIN_TASK_TOOLCHAIN\",\"_value\":\"\",\"_valueType\":\"string\",\"_hash\":\"e7f94a9422a8bc317a7d90b58efcb5f6\"}"}],"_successful":true,"_projectName":"heima_cloud_music","_moduleName":"entry","_taskName":"default@DoNativeStrip","_key":":heima_cloud_music:entry:default@DoNativeStrip","_executionId":":heima_cloud_music:entry:default@DoNativeStrip:1732721596923","_inputFiles":{"dataType":"Map","value":[["D:\\harmonyOs\\project\\heima_cloud_music\\entry\\build\\default\\intermediates\\libs\\default",{"isDirectory":true,"fileSnapShotHashValue":""}]]},"_outputFiles":{"dataType":"Map","value":[["D:\\harmonyOs\\project\\heima_cloud_music\\entry\\build\\default\\intermediates\\stripped_native_libs\\default",{"isDirectory":true,"fileSnapShotHashValue":""}]]}},":heima_cloud_music:entry:default@CacheNativeLibs":{"_inputs":[{"dataType":"ValueEntry","value":"{\"_name\":\"BUILTIN_TASK_COMMAND\",\"_value\":\"\",\"_valueType\":\"string\",\"_hash\":\"0b5d05294fdf4e78e8482ef53eb64ac0\"}"},{"dataType":"ValueEntry","value":"{\"_name\":\"BUILTIN_TASK_ENV\",\"_value\":\"\",\"_valueType\":\"string\",\"_hash\":\"cdcdc2ec8062ca9ec1de46dbf2bbc053\"}"},{"dataType":"ValueEntry","value":"{\"_name\":\"BUILTIN_TASK_TOOLCHAIN\",\"_value\":\"\",\"_valueType\":\"string\",\"_hash\":\"e7f94a9422a8bc317a7d90b58efcb5f6\"}"}],"_successful":true,"_projectName":"heima_cloud_music","_moduleName":"entry","_taskName":"default@CacheNativeLibs","_key":":heima_cloud_music:entry:default@CacheNativeLibs","_executionId":":heima_cloud_music:entry:default@CacheNativeLibs:1732721596938","_inputFiles":{"dataType":"Map","value":[["D:\\harmonyOs\\project\\heima_cloud_music\\entry\\build\\default\\intermediates\\libs\\default",{"isDirectory":true,"fileSnapShotHashValue":""}],["D:\\harmonyOs\\project\\heima_cloud_music\\entry\\build\\default\\intermediates\\stripped_native_libs\\default",{"isDirectory":true,"fileSnapShotHashValue":""}]]},"_outputFiles":{"dataType":"Map","value":[["D:\\harmonyOs\\project\\heima_cloud_music\\entry\\build\\default\\intermediates\\patch\\default\\base_native_libs.json",{"isDirectory":false,"fileSnapShotHashValue":"28a3f05f59af1dfca0b3a8822ef6fe5a"}]]}},":heima_cloud_music:entry:default@GeneratePkgModuleJson":{"_inputs":[{"dataType":"ValueEntry","value":"{\"_name\":\"BUILTIN_TASK_COMMAND\",\"_value\":\"\",\"_valueType\":\"string\",\"_hash\":\"0b5d05294fdf4e78e8482ef53eb64ac0\"}"},{"dataType":"ValueEntry","value":"{\"_name\":\"BUILTIN_TASK_ENV\",\"_value\":\"\",\"_valueType\":\"string\",\"_hash\":\"cdcdc2ec8062ca9ec1de46dbf2bbc053\"}"},{"dataType":"ValueEntry","value":"{\"_name\":\"BUILTIN_TASK_TOOLCHAIN\",\"_value\":\"\",\"_valueType\":\"string\",\"_hash\":\"e7f94a9422a8bc317a7d90b58efcb5f6\"}"}],"_successful":true,"_projectName":"heima_cloud_music","_moduleName":"entry","_taskName":"default@GeneratePkgModuleJson","_key":":heima_cloud_music:entry:default@GeneratePkgModuleJson","_executionId":":heima_cloud_music:entry:default@GeneratePkgModuleJson:1732721679284","_inputFiles":{"dataType":"Map","value":[["D:\\harmonyOs\\project\\heima_cloud_music\\entry\\build\\default\\intermediates\\res\\default\\module.json",{"fileSnapShotHashValue":"35e5f4f2cde11784775ab4fc4cbe2be0"}]]},"_outputFiles":{"dataType":"Map","value":[["D:\\harmonyOs\\project\\heima_cloud_music\\entry\\build\\default\\intermediates\\package\\default\\module.json",{"fileSnapShotHashValue":"35e5f4f2cde11784775ab4fc4cbe2be0"}]]}},":heima_cloud_music:entry:default@PackageHap":{"_inputs":[{"dataType":"ValueEntry","value":"{\"_name\":\"BUILTIN_TASK_COMMAND\",\"_value\":\"java,-Dfile.encoding=GBK,-jar,D:\\\\harmonyOs\\\\DevEco Studio\\\\sdk\\\\default\\\\openharmony\\\\toolchains\\\\lib\\\\app_packing_tool.jar,--mode,hap,--force,true,--lib-path,D:\\\\harmonyOs\\\\project\\\\heima_cloud_music\\\\entry\\\\build\\\\default\\\\intermediates\\\\stripped_native_libs\\\\default,--json-path,D:\\\\harmonyOs\\\\project\\\\heima_cloud_music\\\\entry\\\\build\\\\default\\\\intermediates\\\\package\\\\default\\\\module.json,--resources-path,D:\\\\harmonyOs\\\\project\\\\heima_cloud_music\\\\entry\\\\build\\\\default\\\\intermediates\\\\res\\\\default\\\\resources,--index-path,D:\\\\harmonyOs\\\\project\\\\heima_cloud_music\\\\entry\\\\build\\\\default\\\\intermediates\\\\res\\\\default\\\\resources.index,--pack-info-path,D:\\\\harmonyOs\\\\project\\\\heima_cloud_music\\\\entry\\\\build\\\\default\\\\outputs\\\\default\\\\pack.info,--out-path,D:\\\\harmonyOs\\\\project\\\\heima_cloud_music\\\\entry\\\\build\\\\default\\\\outputs\\\\default\\\\entry-default-unsigned.hap,--ets-path,D:\\\\harmonyOs\\\\project\\\\heima_cloud_music\\\\entry\\\\build\\\\default\\\\intermediates\\\\loader_out\\\\default\\\\ets\",\"_valueType\":\"string\",\"_hash\":\"800d1e3ee9c06fb945fb90b549acc7b8\"}"},{"dataType":"ValueEntry","value":"{\"_name\":\"BUILTIN_TASK_ENV\",\"_value\":\"\",\"_valueType\":\"string\",\"_hash\":\"cdcdc2ec8062ca9ec1de46dbf2bbc053\"}"},{"dataType":"ValueEntry","value":"{\"_name\":\"BUILTIN_TASK_TOOLCHAIN\",\"_value\":\"D:\\\\harmonyOs\\\\DevEco Studio\\\\sdk\\\\default\\\\openharmony\\\\toolchains\\\\lib\\\\app_packing_tool.jar\",\"_valueType\":\"string\",\"_hash\":\"2251ac4f4b545c415bb1d1b041be7006\"}"},{"dataType":"ValueEntry","value":"{\"_name\":\"bundleType\",\"_value\":\"app\",\"_valueType\":\"string\",\"_hash\":\"52d51b7a536b92694516aaef4862f108\"}"},{"dataType":"ValueEntry","value":"{\"_name\":\"hotReload\",\"_value\":false,\"_valueType\":\"boolean\",\"_hash\":\"5ac751c77a9acfe5e8b96c28ebdbaeed\"}"},{"dataType":"ValueEntry","value":"{\"_name\":\"integrated_hsp\",\"_value\":false,\"_valueType\":\"boolean\",\"_hash\":\"2538281751f182d9123d2ab28efaf9be\"}"},{"dataType":"ValueEntry","value":"{\"_name\":\"projectConfigAppOpt\",\"_valueType\":\"undefined\",\"_hash\":\"b52997704fa206ed96a13a1f2e464a85\"}"},{"dataType":"ValueEntry","value":"{\"_name\":\"sourceMapDir\",\"_value\":\"\",\"_valueType\":\"string\",\"_hash\":\"c5d87571127f849274031c5a70f3fcd9\"}"}],"_successful":true,"_projectName":"heima_cloud_music","_moduleName":"entry","_taskName":"default@PackageHap","_key":":heima_cloud_music:entry:default@PackageHap","_executionId":":heima_cloud_music:entry:default@PackageHap:1737383282915","_inputFiles":{"dataType":"Map","value":[["D:\\harmonyOs\\project\\heima_cloud_music\\entry\\build\\default\\intermediates\\stripped_native_libs\\default",{"isDirectory":false,"fileSnapShotHashValue":""}],["D:\\harmonyOs\\project\\heima_cloud_music\\entry\\build\\default\\intermediates\\res\\default\\module.json",{"isDirectory":false,"fileSnapShotHashValue":"35e5f4f2cde11784775ab4fc4cbe2be0"}],["D:\\harmonyOs\\project\\heima_cloud_music\\entry\\build\\default\\intermediates\\res\\default\\resources",{"isDirectory":false,"fileSnapShotHashValue":"f2b045b916e56db13d171dae00bdf08c"}],["D:\\harmonyOs\\project\\heima_cloud_music\\entry\\build\\default\\intermediates\\res\\default\\resources.index",{"isDirectory":false,"fileSnapShotHashValue":"997d454d2060bb4e566dd9a7f6edeeff"}],["D:\\harmonyOs\\project\\heima_cloud_music\\entry\\build\\default\\outputs\\default\\pack.info",{"isDirectory":false,"fileSnapShotHashValue":"3e8aacd3c99f7425673bf276a70cfcef"}],["D:\\harmonyOs\\project\\heima_cloud_music\\entry\\build\\default\\intermediates\\loader_out\\default\\ets",{"isDirectory":false,"fileSnapShotHashValue":"a14004c56a326d51fd1cc05e359cd34d"}],["D:\\harmonyOs\\project\\heima_cloud_music\\entry\\build\\default\\generated\\profile\\default\\BuildProfile.ets",{"fileSnapShotHashValue":"3a6c3c458d0a7047d744a071c1cef106"}]]},"_outputFiles":{"dataType":"Map","value":[["D:\\harmonyOs\\project\\heima_cloud_music\\entry\\build\\default\\outputs\\default\\entry-default-unsigned.hap",{"isDirectory":false,"fileSnapShotHashValue":"7cab83bab20cfefad3e7a34619d8766f"}],["D:\\harmonyOs\\project\\heima_cloud_music\\entry\\build\\default\\outputs\\default\\mapping\\sourceMaps.map",{"fileSnapShotHashValue":"db6236039ce169805bc2f0d64d96222e"}]]}},":heima_cloud_music:entry:default@SignHap":{"_inputs":[{"dataType":"ValueEntry","value":"{\"_name\":\"enableSignTask\",\"_value\":true,\"_valueType\":\"boolean\"}"},{"dataType":"ValueEntry","value":"{\"_name\":\"sdkToolchainsComponentVersion\",\"_value\":\"5.0.0.71\",\"_valueType\":\"string\"}"},{"dataType":"ValueEntry","value":"{\"_name\":\"existSigningConfig\",\"_value\":false,\"_valueType\":\"boolean\"}"},{"dataType":"ValueEntry","value":"{\"_name\":\"BUILTIN_TASK_COMMAND\",\"_value\":\"\",\"_valueType\":\"string\"}"},{"dataType":"ValueEntry","value":"{\"_name\":\"BUILTIN_TASK_TOOLCHAIN\",\"_value\":\"\",\"_valueType\":\"string\"}"},{"dataType":"ValueEntry","value":"{\"_name\":\"BUILTIN_TASK_ENV\",\"_value\":\"\",\"_valueType\":\"string\"}"}],"_successful":true,"_projectName":"heima_cloud_music","_moduleName":"entry","_taskName":"default@SignHap","_key":":heima_cloud_music:entry:default@SignHap","_executionId":":heima_cloud_music:entry:default@SignHap:1737383302905","_inputFiles":{"dataType":"Map","value":[["D:\\harmonyOs\\project\\heima_cloud_music\\entry\\build\\default\\outputs\\default\\entry-default-unsigned.hap",{"isDirectory":false,"fileSnapShotHashValue":"7cab83bab20cfefad3e7a34619d8766f"}]]},"_outputFiles":{"dataType":"Map","value":[["D:\\harmonyOs\\project\\heima_cloud_music\\entry\\build\\default\\outputs\\default\\entry-default-signed.hap",{"isDirectory":false,"fileSnapShotHashValue":""}]]}}}